item_id,gold_label,pred_label,correct,logit_0,logit_1,prob_0,prob_1,prob_cal_0,prob_cal_1,temperature,system,source,target,seed
1fdbaa21f78e1d1c5282,1,1,1,-3.53125,3.65625,0.0007554056327295276,0.9992445943672705,0.00366360064603984,0.9963363993539601,1.2821911501259728,fgm,banglasarc_binary,banglasarc_binary,123
d51fcf405c731444ffea,0,0,1,3.765625,-3.6875,0.9994207083300786,0.0005792916699214215,0.9970198684924083,0.00298013150759157,1.2821911501259728,fgm,banglasarc_binary,banglasarc_binary,123
4884e499daf1c8921e87,1,1,1,-2.046875,2.078125,0.01590639171181471,0.9840936082881853,0.03852545053760419,0.9614745494623959,1.2821911501259728,fgm,banglasarc_binary,banglasarc_binary,123
8a92ef1ae392bcbe6570,1,1,1,-3.453125,3.640625,0.0008295891883591028,0.9991704108116409,0.003940414154250847,0.996059585845749,1.2821911501259728,fgm,banglasarc_binary,banglasarc_binary,123
83bfe12508b51cfe3de1,1,1,1,-3.5625,3.6875,0.0007096703991005882,0.9992903296008995,0.0034899104680983345,0.9965100895319017,1.2821911501259728,fgm,banglasarc_binary,banglasarc_binary,123
fc42f13efee035d96d3e,1,1,1,-3.515625,3.65625,0.0007672924128587178,0.9992327075871412,0.0037083529078535725,0.9962916470921465,1.2821911501259728,fgm,banglasarc_binary,banglasarc_binary,123
f951c310596628d40c12,0,0,1,3.8125,-3.765625,0.9994887420950092,0.0005112579049909173,0.9972959384259159,0.0027040615740841064,1.2821911501259728,fgm,banglasarc_binary,banglasarc_binary,123
694672b400e9d068def4,0,0,1,3.75,-3.734375,0.99943852125386,0.0005614787461400804,0.9970914145953758,0.0029085854046242868,1.2821911501259728,fgm,banglasarc_binary,banglasarc_binary,123
d19caaa43e599746a98f,0,0,1,3.921875,-3.84375,0.9995761152580062,0.00042388474199374983,0.997662951439474,0.0023370485605260258,1.2821911501259728,fgm,banglasarc_binary,banglasarc_binary,123
e624750d356e17ba3798,0,0,1,3.78125,-3.796875,0.9994887420950092,0.0005112579049909173,0.9972959384259159,0.0027040615740841064,1.2821911501259728,fgm,banglasarc_binary,banglasarc_binary,123
78c87ded85fba5d5d242,0,0,1,3.875,-3.8125,0.999541687099365,0.00045831290063503817,0.997516490332419,0.0024835096675810907,1.2821911501259728,fgm,banglasarc_binary,banglasarc_binary,123
f4052b07412afb1c5b9c,0,0,1,3.8125,-3.734375,0.9994725215874769,0.0005274784125231481,0.9972294092714016,0.0027705907285984596,1.2821911501259728,fgm,banglasarc_binary,banglasarc_binary,123
75aa3e917ba348d8a018,1,1,1,-3.59375,3.75,0.000646203290719727,0.9993537967092804,0.0032446424558499262,0.9967553575441501,1.2821911501259728,fgm,banglasarc_binary,banglasarc_binary,123
5a692bae7d9a80b8764d,0,0,1,3.703125,-3.640625,0.9993537967092804,0.000646203290719727,0.9967553567730768,0.003244643226923061,1.2821911501259728,fgm,banglasarc_binary,banglasarc_binary,123
119cab9024b3f30f4e53,1,1,1,-3.5625,3.6875,0.0007096703991005882,0.9992903296008995,0.0034899104680983345,0.9965100895319017,1.2821911501259728,fgm,banglasarc_binary,banglasarc_binary,123
efd98fc7021ac4041dca,0,0,1,3.90625,-3.859375,0.9995761152580062,0.00042388474199374983,0.997662951439474,0.0023370485605260258,1.2821911501259728,fgm,banglasarc_binary,banglasarc_binary,123
83fc9f0fce3a5443d4d0,0,0,1,3.859375,-3.78125,0.9995197027681136,0.0004802972318863163,0.9974242547573214,0.0025757452426786896,1.2821911501259728,fgm,banglasarc_binary,banglasarc_binary,123
1b22a2f6db7c81ca4a69,0,0,1,3.640625,-3.625,0.9993013243335144,0.0006986756664856787,0.9965522139422074,0.0034477860577925338,1.2821911501259728,fgm,banglasarc_binary,banglasarc_binary,123
39a67b3d09ae1401185a,0,0,1,3.890625,-3.8125,0.9995487893762218,0.00045121062377819225,0.9975464970501745,0.0024535029498253865,1.2821911501259728,fgm,banglasarc_binary,banglasarc_binary,123
dea1a507fe0dad51ea32,0,0,1,3.890625,-3.828125,0.9995557816410785,0.0004442183589214343,0.9975761420962044,0.0024238579037955356,1.2821911501259728,fgm,banglasarc_binary,banglasarc_binary,123
f15c624e47f4696c7ef8,0,0,1,0.06298828,-0.12060547,0.5457699469764457,0.45423005302355435,0.5357358393397534,0.46426416066024656,1.2821911501259728,fgm,banglasarc_binary,banglasarc_binary,123
78f4cdac7062e6111f33,1,1,1,-3.296875,3.390625,0.0012448433020883743,0.9987551566979116,0.005401401191665777,0.9945985988083342,1.2821911501259728,fgm,banglasarc_binary,banglasarc_binary,123
65f3b96041bd26570c09,0,0,1,3.890625,-3.828125,0.9995557816410785,0.0004442183589214343,0.9975761420962044,0.0024238579037955356,1.2821911501259728,fgm,banglasarc_binary,banglasarc_binary,123
2c880a6b931dd048fd9a,1,1,1,-3.59375,3.75,0.000646203290719727,0.9993537967092804,0.0032446424558499262,0.9967553575441501,1.2821911501259728,fgm,banglasarc_binary,banglasarc_binary,123
810501807c1c4fffdae2,0,0,1,3.71875,-3.734375,0.9994207083300786,0.0005792916699214215,0.9970198684924083,0.00298013150759157,1.2821911501259728,fgm,banglasarc_binary,banglasarc_binary,123
edc5cf93030f94b6d077,0,0,1,3.3125,-3.28125,0.9986329743543437,0.001367025645656356,0.9941912492327618,0.005808750767238168,1.2821911501259728,fgm,banglasarc_binary,banglasarc_binary,123
8d27d2d0d1d53368a5c7,1,1,1,-3.53125,3.671875,0.0007437028637763687,0.9992562971362237,0.003619387350632231,0.9963806126493678,1.2821911501259728,fgm,banglasarc_binary,banglasarc_binary,123
4a13a8e40090d2d8f2b1,1,1,1,-3.5625,3.703125,0.0006986756664856787,0.9993013243335144,0.0034477860577925338,0.9965522139422074,1.2821911501259728,fgm,banglasarc_binary,banglasarc_binary,123
f08cd1d8e3c0dd487dcc,0,0,1,3.890625,-3.828125,0.9995557816410785,0.0004442183589214343,0.9975761420962044,0.0024238579037955356,1.2821911501259728,fgm,banglasarc_binary,banglasarc_binary,123
a0823714e2f00658ff46,1,1,1,-3.421875,3.609375,0.0008830458477845482,0.9991169541522155,0.004136432487815792,0.9958635675121843,1.2821911501259728,fgm,banglasarc_binary,banglasarc_binary,123
72be6dd23273691db95f,0,0,1,3.8125,-3.71875,0.9994642194616526,0.0005357805383473944,0.9971955354239833,0.0028044645760167226,1.2821911501259728,fgm,banglasarc_binary,banglasarc_binary,123
808d6f562e9c212d5da8,1,1,1,-3.40625,3.5625,0.0009399438806628558,0.9990600561193372,0.004342158335456819,0.9956578416645431,1.2821911501259728,fgm,banglasarc_binary,banglasarc_binary,123
4748c7d9c28231eac94c,0,0,1,3.90625,-3.84375,0.9995694429186754,0.00043055708132461493,0.9976343655992248,0.0023656344007752903,1.2821911501259728,fgm,banglasarc_binary,banglasarc_binary,123
c2384706475fb50ed9ff,0,0,1,3.921875,-3.84375,0.9995761152580062,0.00042388474199374983,0.997662951439474,0.0023370485605260258,1.2821911501259728,fgm,banglasarc_binary,banglasarc_binary,123
a2ff0574fbd9e283c3e5,0,0,1,3.90625,-3.796875,0.9995487893762218,0.00045121062377819225,0.9975464970501745,0.0024535029498253865,1.2821911501259728,fgm,banglasarc_binary,banglasarc_binary,123
799dadf47867e5f3907b,0,0,1,3.6875,-3.71875,0.9993929244195585,0.0006070755804415096,0.9969092466597465,0.0030907533402536806,1.2821911501259728,fgm,banglasarc_binary,banglasarc_binary,123
b1d6c374fbf408412f13,0,0,1,3.609375,-3.546875,0.9992206339069791,0.0007793660930208433,0.9962463502241353,0.003753649775864598,1.2821911501259728,fgm,banglasarc_binary,banglasarc_binary,123
ed67f12c59957965808a,0,0,1,3.859375,-3.796875,0.9995271455654797,0.0004728544345203107,0.9974553730578665,0.0025446269421334294,1.2821911501259728,fgm,banglasarc_binary,banglasarc_binary,123
857e57657838d39f2644,0,0,1,3.90625,-3.84375,0.9995694429186754,0.00043055708132461493,0.9976343655992248,0.0023656344007752903,1.2821911501259728,fgm,banglasarc_binary,banglasarc_binary,123
c3b3dbfcc3df5dd78bb1,1,1,1,-3.59375,3.75,0.000646203290719727,0.9993537967092804,0.0032446424558499262,0.9967553575441501,1.2821911501259728,fgm,banglasarc_binary,banglasarc_binary,123
e401d679e773da2b44e3,1,1,1,-3.515625,3.640625,0.0007793660930208433,0.9992206339069791,0.003753649775864598,0.9962463502241353,1.2821911501259728,fgm,banglasarc_binary,banglasarc_binary,123
fbc6f8a46d96daeb52c8,0,0,1,3.71875,-3.625,0.9993537967092804,0.000646203290719727,0.9967553575441501,0.0032446424558499262,1.2821911501259728,fgm,banglasarc_binary,banglasarc_binary,123
df097a56d57600d37223,1,1,1,-3.59375,3.78125,0.0006263341581094201,0.9993736658418905,0.0031667662234335344,0.9968332337765665,1.2821911501259728,fgm,banglasarc_binary,banglasarc_binary,123
996239c4ee2e4a7723f2,0,0,1,3.875,-3.8125,0.999541687099365,0.00045831290063503817,0.997516490332419,0.0024835096675810907,1.2821911501259728,fgm,banglasarc_binary,banglasarc_binary,123
d6a2d62775befeecd8a7,1,1,1,-3.625,3.78125,0.0006070755804415096,0.9993929244195585,0.0030907533402536806,0.9969092466597465,1.2821911501259728,fgm,banglasarc_binary,banglasarc_binary,123
a70db97398ea8b6513c6,1,1,1,-3.578125,3.734375,0.0006667023092435894,0.9993332976907565,0.0033244282019689463,0.996675571798031,1.2821911501259728,fgm,banglasarc_binary,banglasarc_binary,123
e493e80c5af5c07e8c5c,0,0,1,3.828125,-3.75,0.9994887420950092,0.0005112579049909173,0.9972959384259159,0.0027040615740841064,1.2821911501259728,fgm,banglasarc_binary,banglasarc_binary,123
16dfe4e5d17b71bd51a3,1,1,1,-3.546875,3.6875,0.0007208380258812108,0.9992791619741188,0.003532548561502681,0.9964674514384972,1.2821911501259728,fgm,banglasarc_binary,banglasarc_binary,123
ae5a2b6154f6cae90e82,0,0,1,3.703125,-3.671875,0.9993736658418905,0.0006263341581094201,0.9968332330239414,0.003166766976058568,1.2821911501259728,fgm,banglasarc_binary,banglasarc_binary,123
79bf9ac188b6e1663020,0,0,1,3.921875,-3.84375,0.9995761152580062,0.00042388474199374983,0.997662951439474,0.0023370485605260258,1.2821911501259728,fgm,banglasarc_binary,banglasarc_binary,123
834957d0cce8ea637519,1,1,1,-3.578125,3.765625,0.000646203290719727,0.9993537967092804,0.003244643226923061,0.9967553567730768,1.2821911501259728,fgm,banglasarc_binary,banglasarc_binary,123
d16317eec7af107df220,0,0,1,3.875,-3.84375,0.9995557816410785,0.0004442183589214343,0.9975761426726963,0.002423857327303577,1.2821911501259728,fgm,banglasarc_binary,banglasarc_binary,123
0b5ca8e4ca9eda762d12,1,1,1,-3.515625,3.65625,0.0007672924128587178,0.9992327075871412,0.0037083529078535725,0.9962916470921465,1.2821911501259728,fgm,banglasarc_binary,banglasarc_binary,123
8f21a7fdee221786f225,0,0,1,3.734375,-3.6875,0.999402330628897,0.0005976693711028652,0.9969465678701471,0.0030534321298528117,1.2821911501259728,fgm,banglasarc_binary,banglasarc_binary,123
792fbf60191cd4660895,0,0,1,3.78125,-3.765625,0.9994725215874769,0.0005274784125231481,0.9972294092714016,0.0027705907285984596,1.2821911501259728,fgm,banglasarc_binary,banglasarc_binary,123
2d6124b809c0a50b0fa4,0,0,1,3.90625,-3.8125,0.9995557816410785,0.0004442183589214343,0.9975761426726963,0.002423857327303577,1.2821911501259728,fgm,banglasarc_binary,banglasarc_binary,123
5132f11abcbc75349f61,1,1,1,-3.578125,3.734375,0.0006667023092435894,0.9993332976907565,0.0033244282019689463,0.996675571798031,1.2821911501259728,fgm,banglasarc_binary,banglasarc_binary,123
741dc1aca3fbc823fb7d,1,1,1,-3.53125,3.671875,0.0007437028637763687,0.9992562971362237,0.003619387350632231,0.9963806126493678,1.2821911501259728,fgm,banglasarc_binary,banglasarc_binary,123
9ba8c8d211fbfdea9a87,1,0,0,2.828125,-2.953125,0.9969246301499518,0.0030753698500482337,0.989109163972036,0.010890836027963976,1.2821911501259728,fgm,banglasarc_binary,banglasarc_binary,123
2cffe5986548e5d02fd5,0,0,1,3.8125,-3.84375,0.9995271455654797,0.0004728544345203107,0.9974553736630091,0.002544626336990952,1.2821911501259728,fgm,banglasarc_binary,banglasarc_binary,123
2126fbb157087af4cc1c,1,1,1,-3.203125,3.359375,0.001410358496618023,0.9985896415033819,0.005951211473597348,0.9940487885264027,1.2821911501259728,fgm,banglasarc_binary,banglasarc_binary,123
4ab1fb8f859ee7c5680c,0,0,1,3.90625,-3.859375,0.9995761152580062,0.00042388474199374983,0.997662951439474,0.0023370485605260258,1.2821911501259728,fgm,banglasarc_binary,banglasarc_binary,123
d0d5b7e9ae4fb55e3004,1,1,1,-3.546875,3.703125,0.0007096703991005882,0.9992903296008995,0.003489911297254114,0.9965100887027458,1.2821911501259728,fgm,banglasarc_binary,banglasarc_binary,123
8df93b9bae8debe7f32c,0,0,1,3.8125,-3.75,0.999480695135505,0.000519304864494927,0.99726287574591,0.0027371242540898634,1.2821911501259728,fgm,banglasarc_binary,banglasarc_binary,123
38dd06a5af3641c4bd78,0,0,1,3.9375,-3.859375,0.9995891514623653,0.0004108485376346404,0.9977190939200581,0.002280906079941927,1.2821911501259728,fgm,banglasarc_binary,banglasarc_binary,123
1c483b4a94e1c3552827,0,0,1,3.65625,-3.59375,0.9992903296008995,0.0007096703991005882,0.9965100895319017,0.0034899104680983345,1.2821911501259728,fgm,banglasarc_binary,banglasarc_binary,123
4e42fc6433fb5aa74839,1,1,1,-3.53125,3.703125,0.0007208380258812108,0.9992791619741188,0.003532548561502681,0.9964674514384972,1.2821911501259728,fgm,banglasarc_binary,banglasarc_binary,123
9dba4aa8643a6a5843e6,1,1,1,-3.5,3.671875,0.0007672924128587178,0.9992327075871412,0.0037083529078535725,0.9962916470921465,1.2821911501259728,fgm,banglasarc_binary,banglasarc_binary,123
bbff685d5287d5a3b8c8,1,1,1,-3.53125,3.671875,0.0007437028637763687,0.9992562971362237,0.003619387350632231,0.9963806126493678,1.2821911501259728,fgm,banglasarc_binary,banglasarc_binary,123
ab74622fd30f2198d1e9,0,0,1,3.921875,-3.859375,0.9995826842393223,0.0004173157606777201,0.9976911926537125,0.002308807346287556,1.2821911501259728,fgm,banglasarc_binary,banglasarc_binary,123
7384c1a04362347b0b68,1,1,1,-3.546875,3.6875,0.0007208380258812108,0.9992791619741188,0.003532548561502681,0.9964674514384972,1.2821911501259728,fgm,banglasarc_binary,banglasarc_binary,123
15f2a119197805a90943,0,0,1,3.90625,-3.8125,0.9995557816410785,0.0004442183589214343,0.9975761426726963,0.002423857327303577,1.2821911501259728,fgm,banglasarc_binary,banglasarc_binary,123
287f182f431dd0a84cc5,1,1,1,-3.609375,3.765625,0.0006263341581094201,0.9993736658418905,0.003166766976058568,0.9968332330239414,1.2821911501259728,fgm,banglasarc_binary,banglasarc_binary,123
980874963702c2f6cc04,0,0,1,3.703125,-3.71875,0.999402330628897,0.0005976693711028652,0.9969465678701471,0.0030534321298528117,1.2821911501259728,fgm,banglasarc_binary,banglasarc_binary,123
92c89c5adb679e7d7096,0,0,1,3.921875,-3.828125,0.9995694429186754,0.00043055708132461493,0.9976343650365476,0.0023656349634523046,1.2821911501259728,fgm,banglasarc_binary,banglasarc_binary,123
3857c95213c97eae8fa8,0,0,1,3.8125,-3.78125,0.9994966644245472,0.0005033355754528115,0.9973286034352888,0.0026713965647112365,1.2821911501259728,fgm,banglasarc_binary,banglasarc_binary,123
37dcf8fa0a2ffbb7b1b7,0,0,1,3.046875,-3.25,0.9981613347123114,0.0018386652876885773,0.99268892275677,0.007311077243229975,1.2821911501259728,fgm,banglasarc_binary,banglasarc_binary,123
70148bfb92e69e85d6ac,0,0,1,3.875,-3.796875,0.9995344730812479,0.00046552691875201524,0.9974861169548792,0.0025138830451207723,1.2821911501259728,fgm,banglasarc_binary,banglasarc_binary,123
893155d7e538a7bbb282,0,0,1,3.921875,-3.84375,0.9995761152580062,0.00042388474199374983,0.997662951439474,0.0023370485605260258,1.2821911501259728,fgm,banglasarc_binary,banglasarc_binary,123
41a2588c016e743d27f6,0,0,1,3.875,-3.875,0.9995694429186754,0.00043055708132461493,0.9976343655992248,0.0023656344007752903,1.2821911501259728,fgm,banglasarc_binary,banglasarc_binary,123
cae71633d3aa7f20de58,1,1,1,-3.53125,3.703125,0.0007208380258812108,0.9992791619741188,0.003532548561502681,0.9964674514384972,1.2821911501259728,fgm,banglasarc_binary,banglasarc_binary,123
24ba99921945832d3868,1,1,1,-3.578125,3.71875,0.0006771942330385673,0.9993228057669614,0.003365050538109314,0.9966349494618907,1.2821911501259728,fgm,banglasarc_binary,banglasarc_binary,123
b50495aa35d909195363,0,0,1,3.828125,-3.75,0.9994887420950092,0.0005112579049909173,0.9972959384259159,0.0027040615740841064,1.2821911501259728,fgm,banglasarc_binary,banglasarc_binary,123
080d4c44f189d26d50db,1,1,1,-3.46875,3.625,0.0008295891883591028,0.9991704108116409,0.0039404132184849075,0.9960595867815151,1.2821911501259728,fgm,banglasarc_binary,banglasarc_binary,123
270928dc3bb453782da5,0,0,1,3.84375,-3.8125,0.9995271455654797,0.0004728544345203107,0.9974553736630091,0.002544626336990952,1.2821911501259728,fgm,banglasarc_binary,banglasarc_binary,123
506f87c92c284ccc6f41,1,1,1,-3.59375,3.734375,0.0006563728324346652,0.9993436271675653,0.0032842938555075847,0.9967157061444925,1.2821911501259728,fgm,banglasarc_binary,banglasarc_binary,123
d2daed7870fbd3cb1f51,0,0,1,3.75,-3.703125,0.9994207083300786,0.0005792916699214215,0.9970198684924083,0.00298013150759157,1.2821911501259728,fgm,banglasarc_binary,banglasarc_binary,123
c5c2b7f25c34a87a3c26,0,0,1,3.734375,-3.671875,0.9993929244195585,0.0006070755804415096,0.9969092459251307,0.003090754074869232,1.2821911501259728,fgm,banglasarc_binary,banglasarc_binary,123
7ec23649229f22ec8df3,1,1,1,-3.5625,3.71875,0.0006878511550552459,0.9993121488449448,0.003406167556214705,0.9965938324437853,1.2821911501259728,fgm,banglasarc_binary,banglasarc_binary,123
487aa88a91b22fd5b248,0,0,1,3.859375,-3.828125,0.999541687099365,0.00045831290063503817,0.9975164897417744,0.002483510258225484,1.2821911501259728,fgm,banglasarc_binary,banglasarc_binary,123
0d4e722baa2d3d84ff01,1,0,0,1.1015625,-1.1484375,0.9046505351008906,0.0953494648991095,0.8525582741813658,0.14744172581863432,1.2821911501259728,fgm,banglasarc_binary,banglasarc_binary,123
1a130afb2a5e4c6b2cfc,0,0,1,3.8125,-3.75,0.999480695135505,0.000519304864494927,0.99726287574591,0.0027371242540898634,1.2821911501259728,fgm,banglasarc_binary,banglasarc_binary,123
bf82a3f1e5e88b6fc991,1,1,1,-3.59375,3.765625,0.0006361912109467575,0.9993638087890532,0.0032054689912268796,0.9967945310087731,1.2821911501259728,fgm,banglasarc_binary,banglasarc_binary,123
159785bcb15a686971af,1,1,1,-3.09375,3.25,0.001754614410099487,0.9982453855899006,0.007050471479889174,0.9929495285201109,1.2821911501259728,fgm,banglasarc_binary,banglasarc_binary,123
850057e6338bcd01aead,0,0,1,3.609375,-3.5625,0.9992327075871412,0.0007672924128587178,0.9962916470921465,0.0037083529078535725,1.2821911501259728,fgm,banglasarc_binary,banglasarc_binary,123
c73e2a741c705c83d5ef,0,0,1,3.90625,-3.875,0.9995826842393223,0.0004173157606777201,0.997691193202904,0.002308806797095966,1.2821911501259728,fgm,banglasarc_binary,banglasarc_binary,123
b6e40d7d45054da700b5,1,1,1,-3.515625,3.625,0.0007916296072837431,0.9992083703927161,0.0037994969245330294,0.9962005030754669,1.2821911501259728,fgm,banglasarc_binary,banglasarc_binary,123
c6454ce81857a9ff8ad3,0,0,1,3.71875,-3.609375,0.9993436271675653,0.0006563728324346652,0.9967157061444925,0.0032842938555075847,1.2821911501259728,fgm,banglasarc_binary,banglasarc_binary,123
51dc511d2bdfdaecf7fa,0,0,1,3.734375,-3.6875,0.999402330628897,0.0005976693711028652,0.9969465678701471,0.0030534321298528117,1.2821911501259728,fgm,banglasarc_binary,banglasarc_binary,123
27b312488aa6f0ead148,0,0,1,3.90625,-3.84375,0.9995694429186754,0.00043055708132461493,0.9976343655992248,0.0023656344007752903,1.2821911501259728,fgm,banglasarc_binary,banglasarc_binary,123
3abb72f4552f26ce0827,0,0,1,3.90625,-3.796875,0.9995487893762218,0.00045121062377819225,0.9975464970501745,0.0024535029498253865,1.2821911501259728,fgm,banglasarc_binary,banglasarc_binary,123
4f6f4ca48d7afd4c324e,0,0,1,3.921875,-3.875,0.9995891514623653,0.0004108485376346404,0.9977190939200581,0.002280906079941927,1.2821911501259728,fgm,banglasarc_binary,banglasarc_binary,123
de45d6d1d0856dd27f9d,0,0,1,3.875,-3.8125,0.999541687099365,0.00045831290063503817,0.997516490332419,0.0024835096675810907,1.2821911501259728,fgm,banglasarc_binary,banglasarc_binary,123
bcc4c7f8e76b660fd511,0,0,1,3.90625,-3.84375,0.9995694429186754,0.00043055708132461493,0.9976343655992248,0.0023656344007752903,1.2821911501259728,fgm,banglasarc_binary,banglasarc_binary,123
da9086130ae4483057b5,0,0,1,3.90625,-3.828125,0.9995626655964818,0.0004373344035182828,0.9976054303781284,0.0023945696218714823,1.2821911501259728,fgm,banglasarc_binary,banglasarc_binary,123
84775e62fb8de437c7e6,0,0,1,3.90625,-3.828125,0.9995626655964818,0.0004373344035182828,0.9976054303781284,0.0023945696218714823,1.2821911501259728,fgm,banglasarc_binary,banglasarc_binary,123
87458f3db0eea898edc7,0,0,1,3.90625,-3.859375,0.9995761152580062,0.00042388474199374983,0.997662951439474,0.0023370485605260258,1.2821911501259728,fgm,banglasarc_binary,banglasarc_binary,123
30fce5a6fa7a09e75e84,0,0,1,3.875,-3.828125,0.9995487893762218,0.00045121062377819225,0.9975464970501745,0.0024535029498253865,1.2821911501259728,fgm,banglasarc_binary,banglasarc_binary,123
795487bdce00a5c52dd7,1,1,1,-3.546875,3.671875,0.0007321812616608614,0.9992678187383391,0.0035757057179607913,0.9964242942820392,1.2821911501259728,fgm,banglasarc_binary,banglasarc_binary,123
203cbf2d3aaa55b07220,1,1,1,-3.609375,3.765625,0.0006263341581094201,0.9993736658418905,0.003166766976058568,0.9968332330239414,1.2821911501259728,fgm,banglasarc_binary,banglasarc_binary,123
d8f6115c9d59c26032f9,1,1,1,-3.59375,3.71875,0.0006667023092435894,0.9993332976907565,0.0033244274119985516,0.9966755725880015,1.2821911501259728,fgm,banglasarc_binary,banglasarc_binary,123
55523800bb5018cf4d67,1,1,1,-3.53125,3.6875,0.0007321812616608614,0.9992678187383391,0.003575704868494557,0.9964242951315054,1.2821911501259728,fgm,banglasarc_binary,banglasarc_binary,123
5e8a23c6def40ae64fb9,0,0,1,3.921875,-3.859375,0.9995826842393223,0.0004173157606777201,0.9976911926537125,0.002308807346287556,1.2821911501259728,fgm,banglasarc_binary,banglasarc_binary,123
61d2dbad3e850b1cc289,0,0,1,3.875,-3.859375,0.9995626655964818,0.0004373344035182828,0.9976054303781284,0.0023945696218714823,1.2821911501259728,fgm,banglasarc_binary,banglasarc_binary,123
5b1487d6bd57115c44f7,0,0,1,3.8125,-3.78125,0.9994966644245472,0.0005033355754528115,0.9973286034352888,0.0026713965647112365,1.2821911501259728,fgm,banglasarc_binary,banglasarc_binary,123
15ca56655a63e2d0c9f0,0,0,1,3.90625,-3.8125,0.9995557816410785,0.0004442183589214343,0.9975761426726963,0.002423857327303577,1.2821911501259728,fgm,banglasarc_binary,banglasarc_binary,123
aae9f76c15721c873988,1,1,1,-2.9375,3.0625,0.0024726231566347748,0.9975273768433653,0.009198355743583585,0.9908016442564164,1.2821911501259728,fgm,banglasarc_binary,banglasarc_binary,123
945959765fb5957eb195,1,1,1,-3.609375,3.765625,0.0006263341581094201,0.9993736658418905,0.003166766976058568,0.9968332330239414,1.2821911501259728,fgm,banglasarc_binary,banglasarc_binary,123
a1ca80b3a5f9c0cbb9b4,0,0,1,3.0,-2.953125,0.9974090206355707,0.002590979364429334,0.9904624090799914,0.009537590920008523,1.2821911501259728,fgm,banglasarc_binary,banglasarc_binary,123
9f47165dedfe2acd09a9,1,1,1,-3.578125,3.734375,0.0006667023092435894,0.9993332976907565,0.0033244282019689463,0.996675571798031,1.2821911501259728,fgm,banglasarc_binary,banglasarc_binary,123
9acf64cd9dbfe4e3b262,0,0,1,3.34375,-3.3125,0.9987156918798661,0.0012843081201339697,0.9944660754424501,0.0055339245575497945,1.2821911501259728,fgm,banglasarc_binary,banglasarc_binary,123
2e108f27bae47b7783b0,0,0,1,3.671875,-3.78125,0.9994207083300786,0.0005792916699214215,0.9970198684924083,0.00298013150759157,1.2821911501259728,fgm,banglasarc_binary,banglasarc_binary,123
27217965b8e8c6845031,1,1,1,-3.09375,3.234375,0.0017821963223663927,0.9982178036776337,0.007136299316718696,0.9928637006832813,1.2821911501259728,fgm,banglasarc_binary,banglasarc_binary,123
2ffa56269b0722ab48a0,0,0,1,3.9375,-3.84375,0.9995826842393223,0.0004173157606777201,0.997691193202904,0.002308806797095966,1.2821911501259728,fgm,banglasarc_binary,banglasarc_binary,123
933badfef6c46b940b67,0,0,1,3.1875,-3.234375,0.9983770329385311,0.0016229670614688403,0.9933635272255606,0.006636472774439261,1.2821911501259728,fgm,banglasarc_binary,banglasarc_binary,123
8c1d551b5d55149252f6,1,0,0,3.15625,-3.203125,0.9982725413732704,0.001727458626729702,0.993034329703568,0.0069656702964321126,1.2821911501259728,fgm,banglasarc_binary,banglasarc_binary,123
ae3fc1b7797b39ae85c1,0,0,1,3.921875,-3.875,0.9995891514623653,0.0004108485376346404,0.9977190939200581,0.002280906079941927,1.2821911501259728,fgm,banglasarc_binary,banglasarc_binary,123
314334753ff5c6483cb1,0,0,1,3.90625,-3.875,0.9995826842393223,0.0004173157606777201,0.997691193202904,0.002308806797095966,1.2821911501259728,fgm,banglasarc_binary,banglasarc_binary,123
66113eff6e134a38cbb6,0,0,1,2.484375,-2.515625,0.9933071490757153,0.006692850924284856,0.9801514183720557,0.019848581627944274,1.2821911501259728,fgm,banglasarc_binary,banglasarc_binary,123
5237a73154ee9452a081,1,1,1,-2.921875,3.078125,0.0024726231566347748,0.9975273768433653,0.00919835791647021,0.9908016420835297,1.2821911501259728,fgm,banglasarc_binary,banglasarc_binary,123
7c2582c956e3006a46d1,1,1,1,-3.515625,3.65625,0.0007672924128587178,0.9992327075871412,0.0037083529078535725,0.9962916470921465,1.2821911501259728,fgm,banglasarc_binary,banglasarc_binary,123
c4ec4e0150d7d967a8b3,1,1,1,-3.515625,3.6875,0.0007437028637763687,0.9992562971362237,0.003619387350632231,0.9963806126493678,1.2821911501259728,fgm,banglasarc_binary,banglasarc_binary,123
80f5636f593a45996fc3,0,0,1,3.796875,-3.734375,0.9994642194616526,0.0005357805383473944,0.9971955347572219,0.0028044652427780935,1.2821911501259728,fgm,banglasarc_binary,banglasarc_binary,123
ca65144b9c0b027cc417,0,0,1,3.65625,-3.671875,0.9993436271675653,0.0006563728324346652,0.9967157061444925,0.0032842938555075847,1.2821911501259728,fgm,banglasarc_binary,banglasarc_binary,123
e26e00b0149227ad3b23,0,0,1,3.90625,-3.859375,0.9995761152580062,0.00042388474199374983,0.997662951439474,0.0023370485605260258,1.2821911501259728,fgm,banglasarc_binary,banglasarc_binary,123
74a5a4ab8d1a15d19b80,0,0,1,3.90625,-3.84375,0.9995694429186754,0.00043055708132461493,0.9976343655992248,0.0023656344007752903,1.2821911501259728,fgm,banglasarc_binary,banglasarc_binary,123
0d55cbb0b56b7141d8cd,1,1,1,-3.34375,3.4375,0.0011335690050875116,0.9988664309949126,0.005022471077531464,0.9949775289224684,1.2821911501259728,fgm,banglasarc_binary,banglasarc_binary,123
5fc8a131450cb7c5f607,0,0,1,3.6875,-3.625,0.9993332976907565,0.0006667023092435894,0.9966755725880015,0.0033244274119985516,1.2821911501259728,fgm,banglasarc_binary,banglasarc_binary,123
f108cb5b8d684b4c53c8,0,0,1,3.90625,-3.84375,0.9995694429186754,0.00043055708132461493,0.9976343655992248,0.0023656344007752903,1.2821911501259728,fgm,banglasarc_binary,banglasarc_binary,123
e77083355fd7a2fc1195,0,0,1,3.875,-3.84375,0.9995557816410785,0.0004442183589214343,0.9975761426726963,0.002423857327303577,1.2821911501259728,fgm,banglasarc_binary,banglasarc_binary,123
665de9f050e036e42942,0,0,1,3.75,-3.625,0.9993736658418905,0.0006263341581094201,0.9968332337765665,0.0031667662234335344,1.2821911501259728,fgm,banglasarc_binary,banglasarc_binary,123
4ac11fd0a0834238aaa8,0,0,1,3.875,-3.78125,0.9995271455654797,0.0004728544345203107,0.9974553736630091,0.002544626336990952,1.2821911501259728,fgm,banglasarc_binary,banglasarc_binary,123
a11a18c159adcc73c639,1,1,1,-3.5,3.625,0.0008040859356292355,0.9991959140643708,0.003845901889399433,0.9961540981106005,1.2821911501259728,fgm,banglasarc_binary,banglasarc_binary,123
230073ddb51407782d4b,0,0,1,3.640625,-3.515625,0.9992206339069791,0.0007793660930208433,0.9962463502241353,0.003753649775864598,1.2821911501259728,fgm,banglasarc_binary,banglasarc_binary,123
72dfbff97ea3f094a1c9,0,0,1,3.65625,-3.5625,0.9992678187383391,0.0007321812616608614,0.9964242951315054,0.003575704868494557,1.2821911501259728,fgm,banglasarc_binary,banglasarc_binary,123
35f2f0983902401d8efe,1,1,1,-3.421875,3.625,0.0008693673928062171,0.9991306326071938,0.0040865353677341995,0.9959134646322658,1.2821911501259728,fgm,banglasarc_binary,banglasarc_binary,123
a79035e60d94b534726c,1,1,1,-3.578125,3.671875,0.0007096703991005882,0.9992903296008995,0.003489911297254114,0.9965100887027458,1.2821911501259728,fgm,banglasarc_binary,banglasarc_binary,123
8aa481cc379dbc9a5fa0,0,0,1,3.640625,-3.640625,0.9993121488449448,0.0006878511550552459,0.9965938316344577,0.0034061683655423024,1.2821911501259728,fgm,banglasarc_binary,banglasarc_binary,123
d93c70ce1b5cb135a552,0,0,1,3.796875,-3.71875,0.9994557867375674,0.0005442132624325574,0.9971612479315504,0.0028387520684497692,1.2821911501259728,fgm,banglasarc_binary,banglasarc_binary,123
ee648b19e47fc1ec2aec,0,0,1,3.703125,-3.65625,0.9993638087890532,0.0006361912109467575,0.9967945310087731,0.0032054689912268796,1.2821911501259728,fgm,banglasarc_binary,banglasarc_binary,123
c09af5eac1feaa1f4fd0,1,1,1,-3.46875,3.625,0.0008295891883591028,0.9991704108116409,0.0039404132184849075,0.9960595867815151,1.2821911501259728,fgm,banglasarc_binary,banglasarc_binary,123
316a91cd868936e78630,0,0,1,3.765625,-3.765625,0.9994642194616526,0.0005357805383473944,0.9971955347572219,0.0028044652427780935,1.2821911501259728,fgm,banglasarc_binary,banglasarc_binary,123
44afa7522275487e1b93,1,1,1,-3.578125,3.734375,0.0006667023092435894,0.9993332976907565,0.0033244282019689463,0.996675571798031,1.2821911501259728,fgm,banglasarc_binary,banglasarc_binary,123
60691a2da21321fa224b,0,0,1,3.78125,-3.75,0.9994642194616526,0.0005357805383473944,0.9971955354239833,0.0028044645760167226,1.2821911501259728,fgm,banglasarc_binary,banglasarc_binary,123
75cd4ed07ba99ce18beb,0,0,1,3.890625,-3.84375,0.9995626655964818,0.0004373344035182828,0.9976054303781284,0.0023945696218714823,1.2821911501259728,fgm,banglasarc_binary,banglasarc_binary,123
c8e996a786826baf439c,0,0,1,3.8125,-3.796875,0.9995044640524365,0.0004955359475635505,0.997360874268653,0.0026391257313469097,1.2821911501259728,fgm,banglasarc_binary,banglasarc_binary,123
bb2961a253128dd3f869,0,0,1,3.765625,-3.6875,0.9994207083300786,0.0005792916699214215,0.9970198684924083,0.00298013150759157,1.2821911501259728,fgm,banglasarc_binary,banglasarc_binary,123
e097bafccdb7b63ba455,0,0,1,3.890625,-3.796875,0.999541687099365,0.00045831290063503817,0.9975164897417744,0.002483510258225484,1.2821911501259728,fgm,banglasarc_binary,banglasarc_binary,123
0a0854f9200c731d6bb2,0,0,1,3.84375,-3.796875,0.9995197027681136,0.0004802972318863163,0.9974242547573214,0.0025757452426786896,1.2821911501259728,fgm,banglasarc_binary,banglasarc_binary,123
e84bbe9d58310b302800,0,0,1,3.75,-3.71875,0.9994296842929216,0.0005703157070783359,0.9970558585759243,0.0029441414240757888,1.2821911501259728,fgm,banglasarc_binary,banglasarc_binary,123
12c2bbed0858a6d3c2dc,0,0,1,3.9375,-3.84375,0.9995826842393223,0.0004173157606777201,0.997691193202904,0.002308806797095966,1.2821911501259728,fgm,banglasarc_binary,banglasarc_binary,123
9dcf3d0282086fddb003,1,1,1,-3.5625,3.734375,0.0006771942330385673,0.9993228057669614,0.003365050538109314,0.9966349494618907,1.2821911501259728,fgm,banglasarc_binary,banglasarc_binary,123
e6baf3b03be87228040c,0,0,1,3.796875,-3.71875,0.9994557867375674,0.0005442132624325574,0.9971612479315504,0.0028387520684497692,1.2821911501259728,fgm,banglasarc_binary,banglasarc_binary,123
a843c9eb1d5eef76b94e,1,1,1,-3.5625,3.703125,0.0006986756664856787,0.9993013243335144,0.0034477860577925338,0.9965522139422074,1.2821911501259728,fgm,banglasarc_binary,banglasarc_binary,123
fada3ced0fb9bc4585c8,1,1,1,-3.34375,3.5,0.0010649626720559452,0.9989350373279441,0.004784666650103693,0.9952153333498962,1.2821911501259728,fgm,banglasarc_binary,banglasarc_binary,123
8467541bc8be770745ee,1,1,1,-3.390625,3.5625,0.0009547317110805592,0.9990452682889194,0.004395162870279961,0.99560483712972,1.2821911501259728,fgm,banglasarc_binary,banglasarc_binary,123
126200c08dc1af412a0b,1,1,1,-2.90625,3.03125,0.00263167397488458,0.9973683260251155,0.009653398698690242,0.9903466013013098,1.2821911501259728,fgm,banglasarc_binary,banglasarc_binary,123
941253ba59068e9c5f1b,1,1,1,-3.390625,3.59375,0.0009253848866495988,0.9990746151133504,0.00428979128585222,0.9957102087141478,1.2821911501259728,fgm,banglasarc_binary,banglasarc_binary,123
27cd5017d0611a46be88,0,0,1,3.8125,-3.75,0.999480695135505,0.000519304864494927,0.99726287574591,0.0027371242540898634,1.2821911501259728,fgm,banglasarc_binary,banglasarc_binary,123
34654665885e8ce42055,0,0,1,3.921875,-3.859375,0.9995826842393223,0.0004173157606777201,0.9976911926537125,0.002308807346287556,1.2821911501259728,fgm,banglasarc_binary,banglasarc_binary,123
5f839e8703b010e6ec35,0,0,1,3.90625,-3.84375,0.9995694429186754,0.00043055708132461493,0.9976343655992248,0.0023656344007752903,1.2821911501259728,fgm,banglasarc_binary,banglasarc_binary,123
d41e448466a6bb7cbf3e,0,0,1,3.890625,-3.8125,0.9995487893762218,0.00045121062377819225,0.9975464970501745,0.0024535029498253865,1.2821911501259728,fgm,banglasarc_binary,banglasarc_binary,123
2bac2516c259e2ac5566,0,0,1,3.515625,-3.5625,0.9991573576912437,0.0008426423087564059,0.9960114666861632,0.003988533313836738,1.2821911501259728,fgm,banglasarc_binary,banglasarc_binary,123
63e1cd0e1b7b1cfa40b0,0,0,1,3.90625,-3.828125,0.9995626655964818,0.0004373344035182828,0.9976054303781284,0.0023945696218714823,1.2821911501259728,fgm,banglasarc_binary,banglasarc_binary,123
b9282b8c2def3c440751,0,0,1,3.90625,-3.8125,0.9995557816410785,0.0004442183589214343,0.9975761426726963,0.002423857327303577,1.2821911501259728,fgm,banglasarc_binary,banglasarc_binary,123
8299ab85eb8eb527a790,0,0,1,3.9375,-3.859375,0.9995891514623653,0.0004108485376346404,0.9977190939200581,0.002280906079941927,1.2821911501259728,fgm,banglasarc_binary,banglasarc_binary,123
77c48973e36a8806acc7,0,0,1,3.9375,-3.875,0.9995955185021579,0.00040448149784208087,0.997746658769239,0.0022533412307611687,1.2821911501259728,fgm,banglasarc_binary,banglasarc_binary,123
6a05f9d2021c50f2d234,0,0,1,3.90625,-3.875,0.9995826842393223,0.0004173157606777201,0.997691193202904,0.002308806797095966,1.2821911501259728,fgm,banglasarc_binary,banglasarc_binary,123
b6654d80b7713d0f7390,0,0,1,3.875,-3.84375,0.9995557816410785,0.0004442183589214343,0.9975761426726963,0.002423857327303577,1.2821911501259728,fgm,banglasarc_binary,banglasarc_binary,123
a5b4723b1a18b7102e8b,0,0,1,3.828125,-3.828125,0.9995271455654797,0.0004728544345203107,0.9974553730578665,0.0025446269421334294,1.2821911501259728,fgm,banglasarc_binary,banglasarc_binary,123
b59034127747889fe0fd,0,0,1,3.875,-3.859375,0.9995626655964818,0.0004373344035182828,0.9976054303781284,0.0023945696218714823,1.2821911501259728,fgm,banglasarc_binary,banglasarc_binary,123
85dbdd1250b1914555e5,1,1,1,-3.5625,3.734375,0.0006771942330385673,0.9993228057669614,0.003365050538109314,0.9966349494618907,1.2821911501259728,fgm,banglasarc_binary,banglasarc_binary,123
827e72f203eede5ce499,0,0,1,3.671875,-3.59375,0.9993013243335144,0.0006986756664856787,0.9965522139422074,0.0034477860577925338,1.2821911501259728,fgm,banglasarc_binary,banglasarc_binary,123
40547e5c16f2a5fc3f15,0,0,1,3.84375,-3.8125,0.9995271455654797,0.0004728544345203107,0.9974553736630091,0.002544626336990952,1.2821911501259728,fgm,banglasarc_binary,banglasarc_binary,123
6a61cd7d4a03a4fa49c4,0,0,1,3.9375,-3.875,0.9995955185021579,0.00040448149784208087,0.997746658769239,0.0022533412307611687,1.2821911501259728,fgm,banglasarc_binary,banglasarc_binary,123
3d5e0b56d83e7dd18df5,0,0,1,3.78125,-3.75,0.9994642194616526,0.0005357805383473944,0.9971955354239833,0.0028044645760167226,1.2821911501259728,fgm,banglasarc_binary,banglasarc_binary,123
93ed5619f22a6b88882a,0,0,1,3.890625,-3.8125,0.9995487893762218,0.00045121062377819225,0.9975464970501745,0.0024535029498253865,1.2821911501259728,fgm,banglasarc_binary,banglasarc_binary,123
c6a94adc66572a024970,1,1,1,-3.59375,3.78125,0.0006263341581094201,0.9993736658418905,0.0031667662234335344,0.9968332337765665,1.2821911501259728,fgm,banglasarc_binary,banglasarc_binary,123
a4986c272534142b0c58,0,0,1,3.75,-3.734375,0.99943852125386,0.0005614787461400804,0.9970914145953758,0.0029085854046242868,1.2821911501259728,fgm,banglasarc_binary,banglasarc_binary,123
cd55654b511a6830ddf6,0,0,1,3.921875,-3.84375,0.9995761152580062,0.00042388474199374983,0.997662951439474,0.0023370485605260258,1.2821911501259728,fgm,banglasarc_binary,banglasarc_binary,123
f9ceb67caf23c9636dfc,0,0,1,3.875,-3.8125,0.999541687099365,0.00045831290063503817,0.997516490332419,0.0024835096675810907,1.2821911501259728,fgm,banglasarc_binary,banglasarc_binary,123
6800283411316ef8d31e,1,1,1,-3.5625,3.71875,0.0006878511550552459,0.9993121488449448,0.003406167556214705,0.9965938324437853,1.2821911501259728,fgm,banglasarc_binary,banglasarc_binary,123
af9cc57b096f0be52a56,0,0,1,3.375,-3.375,0.9988304897349445,0.0011695102650555148,0.9948542532854815,0.005145746714518504,1.2821911501259728,fgm,banglasarc_binary,banglasarc_binary,123
facfdc0446eaab400b2e,1,1,1,-3.53125,3.6875,0.0007321812616608614,0.9992678187383391,0.003575704868494557,0.9964242951315054,1.2821911501259728,fgm,banglasarc_binary,banglasarc_binary,123
284021858d9126b9ded0,1,1,1,-3.5625,3.765625,0.0006563728324346652,0.9993436271675653,0.0032842938555075847,0.9967157061444925,1.2821911501259728,fgm,banglasarc_binary,banglasarc_binary,123
93c8e806231a85fdd577,0,0,1,3.859375,-3.8125,0.9995344730812479,0.00046552691875201524,0.9974861169548792,0.0025138830451207723,1.2821911501259728,fgm,banglasarc_binary,banglasarc_binary,123
aca9da8fbeff7ac09027,0,0,1,3.40625,-3.40625,0.9989012689270753,0.0010987310729246428,0.9950978658216924,0.004902134178307718,1.2821911501259728,fgm,banglasarc_binary,banglasarc_binary,123
8ee408fc7cb2eac82dd5,1,1,1,-3.53125,3.703125,0.0007208380258812108,0.9992791619741188,0.003532548561502681,0.9964674514384972,1.2821911501259728,fgm,banglasarc_binary,banglasarc_binary,123
03df3fdc916092bfff49,0,0,1,3.9375,-3.84375,0.9995826842393223,0.0004173157606777201,0.997691193202904,0.002308806797095966,1.2821911501259728,fgm,banglasarc_binary,banglasarc_binary,123
19e9c0d26b75adb146f5,0,0,1,3.875,-3.828125,0.9995487893762218,0.00045121062377819225,0.9975464970501745,0.0024535029498253865,1.2821911501259728,fgm,banglasarc_binary,banglasarc_binary,123
72392f5bf20624550aef,0,0,1,1.859375,-1.9453125,0.9782188286685003,0.021781171331499802,0.9510763062034965,0.04892369379650353,1.2821911501259728,fgm,banglasarc_binary,banglasarc_binary,123
3507fd75eea853a5c7d3,1,1,1,-3.578125,3.734375,0.0006667023092435894,0.9993332976907565,0.0033244282019689463,0.996675571798031,1.2821911501259728,fgm,banglasarc_binary,banglasarc_binary,123
50b03470c92c940568e7,0,0,1,3.90625,-3.84375,0.9995694429186754,0.00043055708132461493,0.9976343655992248,0.0023656344007752903,1.2821911501259728,fgm,banglasarc_binary,banglasarc_binary,123
c2307906c9fd5eace88d,1,1,1,-3.5625,3.703125,0.0006986756664856787,0.9993013243335144,0.0034477860577925338,0.9965522139422074,1.2821911501259728,fgm,banglasarc_binary,banglasarc_binary,123
1d38c87f853096cb7607,0,0,1,3.859375,-3.75,0.9995044640524365,0.0004955359475635505,0.997360874268653,0.0026391257313469097,1.2821911501259728,fgm,banglasarc_binary,banglasarc_binary,123
c372a52d00460ff14772,0,0,1,3.890625,-3.84375,0.9995626655964818,0.0004373344035182828,0.9976054303781284,0.0023945696218714823,1.2821911501259728,fgm,banglasarc_binary,banglasarc_binary,123
64837025a06acb28903f,0,0,1,3.890625,-3.828125,0.9995557816410785,0.0004442183589214343,0.9975761420962044,0.0024238579037955356,1.2821911501259728,fgm,banglasarc_binary,banglasarc_binary,123
dde9e0928faffc5fa59f,0,0,1,3.84375,-3.8125,0.9995271455654797,0.0004728544345203107,0.9974553736630091,0.002544626336990952,1.2821911501259728,fgm,banglasarc_binary,banglasarc_binary,123
1bd7c9fd959dfdc4e895,0,0,1,3.921875,-3.828125,0.9995694429186754,0.00043055708132461493,0.9976343650365476,0.0023656349634523046,1.2821911501259728,fgm,banglasarc_binary,banglasarc_binary,123
11ebf457ba941da799ec,0,0,1,3.921875,-3.859375,0.9995826842393223,0.0004173157606777201,0.9976911926537125,0.002308807346287556,1.2821911501259728,fgm,banglasarc_binary,banglasarc_binary,123
5372007f7d0701e88541,1,1,1,-3.609375,3.75,0.0006361912109467575,0.9993638087890532,0.0032054689912268796,0.9967945310087731,1.2821911501259728,fgm,banglasarc_binary,banglasarc_binary,123
3901e5d886775d8ed701,1,1,1,-0.76171875,0.81640625,0.17106119167858438,0.8289388083214156,0.22604087932212738,0.7739591206778726,1.2821911501259728,fgm,banglasarc_binary,banglasarc_binary,123
8892f67b94fc356d6110,0,0,1,3.671875,-3.671875,0.9993537967092804,0.000646203290719727,0.9967553567730768,0.003244643226923061,1.2821911501259728,fgm,banglasarc_binary,banglasarc_binary,123
98880660d0c7fe26cd7f,1,0,0,1.3984375,-1.46875,0.946200356539936,0.053799643460063995,0.9034502220471737,0.09654977795282631,1.2821911501259728,fgm,banglasarc_binary,banglasarc_binary,123
72cfa016d6acd5c00368,0,0,1,3.875,-3.8125,0.999541687099365,0.00045831290063503817,0.997516490332419,0.0024835096675810907,1.2821911501259728,fgm,banglasarc_binary,banglasarc_binary,123
5f616b6bf1f16581a31f,1,1,1,-3.546875,3.71875,0.0006986756664856787,0.9993013243335144,0.0034477860577925338,0.9965522139422074,1.2821911501259728,fgm,banglasarc_binary,banglasarc_binary,123
1611a0f97673d8e4c4ea,0,0,1,3.921875,-3.859375,0.9995826842393223,0.0004173157606777201,0.9976911926537125,0.002308807346287556,1.2821911501259728,fgm,banglasarc_binary,banglasarc_binary,123
49479d0a899b1f4dd6aa,0,0,1,3.9375,-3.859375,0.9995891514623653,0.0004108485376346404,0.9977190939200581,0.002280906079941927,1.2821911501259728,fgm,banglasarc_binary,banglasarc_binary,123
86e1688b2ac7d712e406,0,0,1,3.859375,-3.828125,0.999541687099365,0.00045831290063503817,0.9975164897417744,0.002483510258225484,1.2821911501259728,fgm,banglasarc_binary,banglasarc_binary,123
61818966d3d55090bdf8,0,0,1,3.09375,-3.125,0.998012225787616,0.001987774212383911,0.9922331696838574,0.007766830316142466,1.2821911501259728,fgm,banglasarc_binary,banglasarc_binary,123
9624aa176dd24ff084da,1,1,1,-3.5625,3.703125,0.0006986756664856787,0.9993013243335144,0.0034477860577925338,0.9965522139422074,1.2821911501259728,fgm,banglasarc_binary,banglasarc_binary,123
2607a7ce97b69863aa3d,0,0,1,3.75,-3.640625,0.9993833702652382,0.0006166297347617124,0.9968714699710097,0.0031285300289901853,1.2821911501259728,fgm,banglasarc_binary,banglasarc_binary,123
f84dad35d8a2016eaf22,0,0,1,3.921875,-3.859375,0.9995826842393223,0.0004173157606777201,0.9976911926537125,0.002308807346287556,1.2821911501259728,fgm,banglasarc_binary,banglasarc_binary,123
8e87ee783ff7b6cb2ed6,0,0,1,3.75,-3.71875,0.9994296842929216,0.0005703157070783359,0.9970558585759243,0.0029441414240757888,1.2821911501259728,fgm,banglasarc_binary,banglasarc_binary,123
8c146b21fac59abda051,0,0,1,3.796875,-3.71875,0.9994557867375674,0.0005442132624325574,0.9971612479315504,0.0028387520684497692,1.2821911501259728,fgm,banglasarc_binary,banglasarc_binary,123
862a681bb86517474044,1,1,1,-3.3125,3.3125,0.0013250224172131609,0.9986749775827868,0.005669682193148651,0.9943303178068514,1.2821911501259728,fgm,banglasarc_binary,banglasarc_binary,123
897efb6c9ff281b3f4ac,1,1,1,-3.53125,3.71875,0.0007096703991005882,0.9992903296008995,0.0034899104680983345,0.9965100895319017,1.2821911501259728,fgm,banglasarc_binary,banglasarc_binary,123
f3ffc31a5262cecc0e35,1,1,1,-3.5625,3.71875,0.0006878511550552459,0.9993121488449448,0.003406167556214705,0.9965938324437853,1.2821911501259728,fgm,banglasarc_binary,banglasarc_binary,123
a75990c170416ba48197,1,1,1,-3.59375,3.75,0.000646203290719727,0.9993537967092804,0.0032446424558499262,0.9967553575441501,1.2821911501259728,fgm,banglasarc_binary,banglasarc_binary,123
d854f5d60eb26029f700,1,1,1,-3.59375,3.75,0.000646203290719727,0.9993537967092804,0.0032446424558499262,0.9967553575441501,1.2821911501259728,fgm,banglasarc_binary,banglasarc_binary,123
ae71777b84b494d7fbe1,0,0,1,2.921875,-2.875,0.9969721649754317,0.0030278350245683794,0.9892396580110989,0.010760341988901183,1.2821911501259728,fgm,banglasarc_binary,banglasarc_binary,123
7c7090952259fee84f28,0,0,1,3.65625,-3.609375,0.9993013243335144,0.0006986756664856787,0.9965522139422074,0.0034477860577925338,1.2821911501259728,fgm,banglasarc_binary,banglasarc_binary,123
13deac443d3122e13467,1,1,1,-2.984375,3.109375,0.00225184727950302,0.997748152720497,0.008555349251294845,0.9914446507487051,1.2821911501259728,fgm,banglasarc_binary,banglasarc_binary,123
0250f4eea16ccea4618d,0,0,1,3.921875,-3.859375,0.9995826842393223,0.0004173157606777201,0.9976911926537125,0.002308807346287556,1.2821911501259728,fgm,banglasarc_binary,banglasarc_binary,123
2818f27315d9d239e7e6,0,0,1,1.375,-1.5390625,0.9485372345673925,0.05146276543260743,0.9065924483218418,0.09340755167815824,1.2821911501259728,fgm,banglasarc_binary,banglasarc_binary,123
69381c13c06a9a6f22c2,0,0,1,3.53125,-3.46875,0.9990889488055994,0.0009110511944006454,0.9957619479040366,0.004238052095963342,1.2821911501259728,fgm,banglasarc_binary,banglasarc_binary,123
77f15a18370f0a41b440,0,0,1,3.328125,-3.328125,0.9987156918798661,0.0012843081201339697,0.9944660741303611,0.005533925869638972,1.2821911501259728,fgm,banglasarc_binary,banglasarc_binary,123
d35d994e4338ad3a0741,0,0,1,3.84375,-3.8125,0.9995271455654797,0.0004728544345203107,0.9974553736630091,0.002544626336990952,1.2821911501259728,fgm,banglasarc_binary,banglasarc_binary,123
302a652267205feb3cad,0,0,1,3.859375,-3.828125,0.999541687099365,0.00045831290063503817,0.9975164897417744,0.002483510258225484,1.2821911501259728,fgm,banglasarc_binary,banglasarc_binary,123
2688121405d1f8d1a8ad,0,0,1,3.078125,-3.0625,0.9978510507163746,0.0021489492836254285,0.9917492403619432,0.008250759638056627,1.2821911501259728,fgm,banglasarc_binary,banglasarc_binary,123
41c1cb14e52417128675,0,0,1,3.875,-3.828125,0.9995487893762218,0.00045121062377819225,0.9975464970501745,0.0024535029498253865,1.2821911501259728,fgm,banglasarc_binary,banglasarc_binary,123
2c224c310c94bc566892,1,1,1,-3.34375,3.515625,0.0010484692671610088,0.9989515307328389,0.004726988223629579,0.9952730117763704,1.2821911501259728,fgm,banglasarc_binary,banglasarc_binary,123
3a79b40a96fc4266c700,1,1,1,-3.5625,3.71875,0.0006878511550552459,0.9993121488449448,0.003406167556214705,0.9965938324437853,1.2821911501259728,fgm,banglasarc_binary,banglasarc_binary,123
37c0347ce0d7ced5d1c1,0,0,1,0.734375,-0.69140625,0.8062431344561782,0.19375686554382182,0.7524995628880189,0.24750043711198108,1.2821911501259728,fgm,banglasarc_binary,banglasarc_binary,123
3043c5dd90aba7d6c8c2,0,0,1,3.734375,-3.640625,0.9993736658418905,0.0006263341581094201,0.9968332330239414,0.003166766976058568,1.2821911501259728,fgm,banglasarc_binary,banglasarc_binary,123
69f87e0b366ab01e5164,0,0,1,3.625,-3.515625,0.9992083703927161,0.0007916296072837431,0.9962005030754669,0.0037994969245330294,1.2821911501259728,fgm,banglasarc_binary,banglasarc_binary,123
a0285d6da49c6d98cc71,0,0,1,2.15625,-2.21875,0.9875683491468141,0.012431650853185818,0.9680814145399296,0.03191858546007039,1.2821911501259728,fgm,banglasarc_binary,banglasarc_binary,123
a56bc6753838891ba9f7,0,0,1,3.90625,-3.84375,0.9995694429186754,0.00043055708132461493,0.9976343655992248,0.0023656344007752903,1.2821911501259728,fgm,banglasarc_binary,banglasarc_binary,123
f512a0549cce625f4fd6,0,0,1,3.75,-3.671875,0.999402330628897,0.0005976693711028652,0.9969465678701471,0.0030534321298528117,1.2821911501259728,fgm,banglasarc_binary,banglasarc_binary,123
b5a697ce6ac5d8a4521e,1,0,0,3.578125,-3.546875,0.9991959140643708,0.0008040859356292355,0.9961540971971925,0.0038459028028075652,1.2821911501259728,fgm,banglasarc_binary,banglasarc_binary,123
fe2e4356da78340dacb6,0,0,1,3.734375,-3.65625,0.9993833702652382,0.0006166297347617124,0.9968714699710097,0.0031285300289901853,1.2821911501259728,fgm,banglasarc_binary,banglasarc_binary,123
c61720db6fba61a9d794,1,1,1,-3.59375,3.734375,0.0006563728324346652,0.9993436271675653,0.0032842938555075847,0.9967157061444925,1.2821911501259728,fgm,banglasarc_binary,banglasarc_binary,123
b2109ebb76d09281c7dd,0,0,1,3.828125,-3.796875,0.9995121428772178,0.000487857122782266,0.997392756285087,0.0026072437149129877,1.2821911501259728,fgm,banglasarc_binary,banglasarc_binary,123
21d9d76f8567c9994afd,0,0,1,3.921875,-3.84375,0.9995761152580062,0.00042388474199374983,0.997662951439474,0.0023370485605260258,1.2821911501259728,fgm,banglasarc_binary,banglasarc_binary,123
e981b4941a10cd0d7757,0,0,1,3.921875,-3.875,0.9995891514623653,0.0004108485376346404,0.9977190939200581,0.002280906079941927,1.2821911501259728,fgm,banglasarc_binary,banglasarc_binary,123
71329db5848b10c003b2,0,0,1,3.8125,-3.75,0.999480695135505,0.000519304864494927,0.99726287574591,0.0027371242540898634,1.2821911501259728,fgm,banglasarc_binary,banglasarc_binary,123
07d33e3b5ea57cd1b1fb,1,1,1,-3.59375,3.734375,0.0006563728324346652,0.9993436271675653,0.0032842938555075847,0.9967157061444925,1.2821911501259728,fgm,banglasarc_binary,banglasarc_binary,123
edf0f452fe2f71c78ee8,0,0,1,3.921875,-3.84375,0.9995761152580062,0.00042388474199374983,0.997662951439474,0.0023370485605260258,1.2821911501259728,fgm,banglasarc_binary,banglasarc_binary,123
a955ea6fd8cdcc254b48,0,0,1,3.921875,-3.84375,0.9995761152580062,0.00042388474199374983,0.997662951439474,0.0023370485605260258,1.2821911501259728,fgm,banglasarc_binary,banglasarc_binary,123
d00ec0a5e19d603212e5,0,0,1,3.875,-3.859375,0.9995626655964818,0.0004373344035182828,0.9976054303781284,0.0023945696218714823,1.2821911501259728,fgm,banglasarc_binary,banglasarc_binary,123
a1efba2343a499e08e3d,1,1,1,-3.59375,3.75,0.000646203290719727,0.9993537967092804,0.0032446424558499262,0.9967553575441501,1.2821911501259728,fgm,banglasarc_binary,banglasarc_binary,123
5276ecc9c50950cf1ff7,1,1,1,-3.5625,3.71875,0.0006878511550552459,0.9993121488449448,0.003406167556214705,0.9965938324437853,1.2821911501259728,fgm,banglasarc_binary,banglasarc_binary,123
3969731e8bd33c009f77,0,0,1,3.8125,-3.75,0.999480695135505,0.000519304864494927,0.99726287574591,0.0027371242540898634,1.2821911501259728,fgm,banglasarc_binary,banglasarc_binary,123
042e25032c300670822d,0,0,1,3.78125,-3.78125,0.999480695135505,0.000519304864494927,0.99726287574591,0.0027371242540898634,1.2821911501259728,fgm,banglasarc_binary,banglasarc_binary,123
accd02ee9e525969ab59,1,1,1,-3.625,3.75,0.0006263341581094201,0.9993736658418905,0.0031667662234335344,0.9968332337765665,1.2821911501259728,fgm,banglasarc_binary,banglasarc_binary,123
084918d71277c0abe476,0,0,1,3.8125,-3.734375,0.9994725215874769,0.0005274784125231481,0.9972294092714016,0.0027705907285984596,1.2821911501259728,fgm,banglasarc_binary,banglasarc_binary,123
06547cbd2123fee005a5,0,0,1,3.75,-3.75,0.9994472213630764,0.0005527786369235996,0.9971265431299665,0.0028734568700334944,1.2821911501259728,fgm,banglasarc_binary,banglasarc_binary,123
d3041b95d082908866c1,0,0,1,3.703125,-3.578125,0.9993121488449448,0.0006878511550552459,0.9965938316344577,0.0034061683655423024,1.2821911501259728,fgm,banglasarc_binary,banglasarc_binary,123
06642b65714dd7383356,0,0,1,3.6875,-3.578125,0.9993013243335144,0.0006986756664856787,0.9965522139422074,0.0034477860577925338,1.2821911501259728,fgm,banglasarc_binary,banglasarc_binary,123
46f13c5bce97cfddbacd,0,0,1,2.28125,-2.375,0.9905874104123901,0.009412589587609823,0.9742059475553497,0.025794052444650262,1.2821911501259728,fgm,banglasarc_binary,banglasarc_binary,123
3882e8cc0732ec9fd53c,0,0,1,1.2734375,-1.3203125,0.9304582554941719,0.06954174450582809,0.883180983764291,0.11681901623570895,1.2821911501259728,fgm,banglasarc_binary,banglasarc_binary,123
27e636e5190036981f42,1,1,1,-3.40625,3.46875,0.0010322310367548194,0.9989677689632452,0.004670000730886471,0.9953299992691135,1.2821911501259728,fgm,banglasarc_binary,banglasarc_binary,123
bd15dccee1d86fc0f155,0,0,1,3.953125,-3.875,0.9996017869093836,0.0003982130906163543,0.9977738907097161,0.0022261092902838985,1.2821911501259728,fgm,banglasarc_binary,banglasarc_binary,123
6b7b3c4ce566e8f848f4,0,0,1,3.90625,-3.828125,0.9995626655964818,0.0004373344035182828,0.9976054303781284,0.0023945696218714823,1.2821911501259728,fgm,banglasarc_binary,banglasarc_binary,123
44c20508cd1a8cbe8d11,0,0,1,3.671875,-3.640625,0.9993332976907565,0.0006667023092435894,0.996675571798031,0.0033244282019689463,1.2821911501259728,fgm,banglasarc_binary,banglasarc_binary,123
e21b3e9b30e991304c17,1,1,1,-3.5,3.640625,0.0007916296072837431,0.9992083703927161,0.0037994969245330294,0.9962005030754669,1.2821911501259728,fgm,banglasarc_binary,banglasarc_binary,123
c80604f547c02a876a84,1,1,1,-3.609375,3.765625,0.0006263341581094201,0.9993736658418905,0.003166766976058568,0.9968332330239414,1.2821911501259728,fgm,banglasarc_binary,banglasarc_binary,123
2988e918a75fdddbfe4f,0,0,1,3.890625,-3.8125,0.9995487893762218,0.00045121062377819225,0.9975464970501745,0.0024535029498253865,1.2821911501259728,fgm,banglasarc_binary,banglasarc_binary,123
0e12a35df0f165dc5fd5,0,0,1,3.890625,-3.859375,0.9995694429186754,0.00043055708132461493,0.9976343650365476,0.0023656349634523046,1.2821911501259728,fgm,banglasarc_binary,banglasarc_binary,123
5837bf99c3feb1eb04c1,0,0,1,3.90625,-3.828125,0.9995626655964818,0.0004373344035182828,0.9976054303781284,0.0023945696218714823,1.2821911501259728,fgm,banglasarc_binary,banglasarc_binary,123
a24e2acb732139647b3a,1,1,1,-3.546875,3.703125,0.0007096703991005882,0.9992903296008995,0.003489911297254114,0.9965100887027458,1.2821911501259728,fgm,banglasarc_binary,banglasarc_binary,123
692ef8508158f5ff8d27,1,1,1,-3.59375,3.734375,0.0006563728324346652,0.9993436271675653,0.0032842938555075847,0.9967157061444925,1.2821911501259728,fgm,banglasarc_binary,banglasarc_binary,123
84d997f2c2e77613a376,0,0,1,3.890625,-3.8125,0.9995487893762218,0.00045121062377819225,0.9975464970501745,0.0024535029498253865,1.2821911501259728,fgm,banglasarc_binary,banglasarc_binary,123
5d80e125ed9fc9dc4024,1,1,1,-3.53125,3.71875,0.0007096703991005882,0.9992903296008995,0.0034899104680983345,0.9965100895319017,1.2821911501259728,fgm,banglasarc_binary,banglasarc_binary,123
f2fecdc370f603b03c8b,1,1,1,-3.5625,3.75,0.0006667023092435894,0.9993332976907565,0.0033244274119985516,0.9966755725880015,1.2821911501259728,fgm,banglasarc_binary,banglasarc_binary,123
be0fef389e85dc94da0f,1,1,1,-3.59375,3.71875,0.0006667023092435894,0.9993332976907565,0.0033244274119985516,0.9966755725880015,1.2821911501259728,fgm,banglasarc_binary,banglasarc_binary,123
ed20c056a4eadce16c05,0,0,1,3.8125,-3.765625,0.9994887420950092,0.0005112579049909173,0.9972959384259159,0.0027040615740841064,1.2821911501259728,fgm,banglasarc_binary,banglasarc_binary,123
61c3bd3890bd2d61da38,1,1,1,-3.59375,3.734375,0.0006563728324346652,0.9993436271675653,0.0032842938555075847,0.9967157061444925,1.2821911501259728,fgm,banglasarc_binary,banglasarc_binary,123
0aeeecbf5b6014328d63,1,1,1,-3.546875,3.6875,0.0007208380258812108,0.9992791619741188,0.003532548561502681,0.9964674514384972,1.2821911501259728,fgm,banglasarc_binary,banglasarc_binary,123
7d02f81d192bb95c38ec,0,0,1,3.703125,-3.65625,0.9993638087890532,0.0006361912109467575,0.9967945310087731,0.0032054689912268796,1.2821911501259728,fgm,banglasarc_binary,banglasarc_binary,123
f0b3ec96293e1a3e756e,0,0,1,3.90625,-3.828125,0.9995626655964818,0.0004373344035182828,0.9976054303781284,0.0023945696218714823,1.2821911501259728,fgm,banglasarc_binary,banglasarc_binary,123
14019907db4e4f1cecec,0,0,1,3.90625,-3.8125,0.9995557816410785,0.0004442183589214343,0.9975761426726963,0.002423857327303577,1.2821911501259728,fgm,banglasarc_binary,banglasarc_binary,123
e75dbfee3c64ae5ab5f9,1,1,1,-3.59375,3.734375,0.0006563728324346652,0.9993436271675653,0.0032842938555075847,0.9967157061444925,1.2821911501259728,fgm,banglasarc_binary,banglasarc_binary,123
f8420a6d5c4dcad0e0f3,0,0,1,3.90625,-3.859375,0.9995761152580062,0.00042388474199374983,0.997662951439474,0.0023370485605260258,1.2821911501259728,fgm,banglasarc_binary,banglasarc_binary,123
9f0c75ffe9257804ad60,1,1,1,-3.578125,3.71875,0.0006771942330385673,0.9993228057669614,0.003365050538109314,0.9966349494618907,1.2821911501259728,fgm,banglasarc_binary,banglasarc_binary,123
b6951126d6ae437ff2d5,0,0,1,3.890625,-3.859375,0.9995694429186754,0.00043055708132461493,0.9976343650365476,0.0023656349634523046,1.2821911501259728,fgm,banglasarc_binary,banglasarc_binary,123
9ad4bbce9de71e24ed46,1,1,1,-3.53125,3.671875,0.0007437028637763687,0.9992562971362237,0.003619387350632231,0.9963806126493678,1.2821911501259728,fgm,banglasarc_binary,banglasarc_binary,123
e4fbb75a42e23b1e61d0,1,1,1,-3.359375,3.515625,0.0010322310367548194,0.9989677689632452,0.004670001839101892,0.9953299981608982,1.2821911501259728,fgm,banglasarc_binary,banglasarc_binary,123
675f0733322465d55bfd,0,0,1,3.9375,-3.875,0.9995955185021579,0.00040448149784208087,0.997746658769239,0.0022533412307611687,1.2821911501259728,fgm,banglasarc_binary,banglasarc_binary,123
41f58c5f63b10affa23f,1,1,1,-3.5625,3.71875,0.0006878511550552459,0.9993121488449448,0.003406167556214705,0.9965938324437853,1.2821911501259728,fgm,banglasarc_binary,banglasarc_binary,123
caca37b60d047246d416,1,1,1,-3.578125,3.75,0.0006563728324346652,0.9993436271675653,0.0032842938555075847,0.9967157061444925,1.2821911501259728,fgm,banglasarc_binary,banglasarc_binary,123
7978c48c6436996866c2,0,0,1,3.375,-3.40625,0.9988664309949126,0.0011335690050875116,0.9949775289224684,0.005022471077531464,1.2821911501259728,fgm,banglasarc_binary,banglasarc_binary,123
7e4fd941a59448322c3d,1,1,1,-3.609375,3.765625,0.0006263341581094201,0.9993736658418905,0.003166766976058568,0.9968332330239414,1.2821911501259728,fgm,banglasarc_binary,banglasarc_binary,123
c7a531ea889fda859b58,0,0,1,3.921875,-3.84375,0.9995761152580062,0.00042388474199374983,0.997662951439474,0.0023370485605260258,1.2821911501259728,fgm,banglasarc_binary,banglasarc_binary,123
8585f8e3ef3a93b5b0bf,1,1,1,-3.453125,3.609375,0.0008559006367452269,0.9991440993632549,0.004037238667146159,0.9959627613328538,1.2821911501259728,fgm,banglasarc_binary,banglasarc_binary,123
ed695623749a8452ce4c,1,1,1,-3.25,3.375,0.0013250224172131609,0.9986749775827868,0.005669682193148651,0.9943303178068514,1.2821911501259728,fgm,banglasarc_binary,banglasarc_binary,123
bec386f8a03bf2178b54,0,0,1,3.765625,-3.6875,0.9994207083300786,0.0005792916699214215,0.9970198684924083,0.00298013150759157,1.2821911501259728,fgm,banglasarc_binary,banglasarc_binary,123
7085f876cdcb3e8d23ec,0,0,1,3.609375,-3.65625,0.9993013243335144,0.0006986756664856787,0.9965522139422074,0.0034477860577925338,1.2821911501259728,fgm,banglasarc_binary,banglasarc_binary,123
38249fe805ef151a9c6b,0,0,1,3.484375,-3.421875,0.99899949559909,0.0010005044009099887,0.9954419286904632,0.004558071309536884,1.2821911501259728,fgm,banglasarc_binary,banglasarc_binary,123
04322b277621c64fa82c,1,1,1,-3.515625,3.671875,0.0007554056327295276,0.9992445943672705,0.0036636015163103563,0.9963363984836895,1.2821911501259728,fgm,banglasarc_binary,banglasarc_binary,123
96041cb1f6bc712d6557,1,1,1,-3.53125,3.6875,0.0007321812616608614,0.9992678187383391,0.003575704868494557,0.9964242951315054,1.2821911501259728,fgm,banglasarc_binary,banglasarc_binary,123
014379d9c61afb686220,1,1,1,-3.59375,3.765625,0.0006361912109467575,0.9993638087890532,0.0032054689912268796,0.9967945310087731,1.2821911501259728,fgm,banglasarc_binary,banglasarc_binary,123
0e191814a20bbe738cbc,0,0,1,3.765625,-3.71875,0.99943852125386,0.0005614787461400804,0.9970914145953758,0.0029085854046242868,1.2821911501259728,fgm,banglasarc_binary,banglasarc_binary,123
90d77662c6c0fdeb3f4a,0,0,1,3.78125,-3.71875,0.9994472213630764,0.0005527786369235996,0.9971265431299665,0.0028734568700334944,1.2821911501259728,fgm,banglasarc_binary,banglasarc_binary,123
1c185d35a4e318f82f6f,0,0,1,3.3125,-3.40625,0.9987934102877537,0.0012065897122463891,0.9947279679029799,0.0052720320970200815,1.2821911501259728,fgm,banglasarc_binary,banglasarc_binary,123
20ed2cdd97eb20b6c05a,0,0,1,3.734375,-3.75,0.99943852125386,0.0005614787461400804,0.9970914145953758,0.0029085854046242868,1.2821911501259728,fgm,banglasarc_binary,banglasarc_binary,123
2e7c3ecfec43e42ffd6a,0,0,1,3.8125,-3.8125,0.9995121428772178,0.000487857122782266,0.9973927569050817,0.0026072430949184225,1.2821911501259728,fgm,banglasarc_binary,banglasarc_binary,123
d8b7d0ed8efcb7f8b7f6,0,0,1,3.875,-3.828125,0.9995487893762218,0.00045121062377819225,0.9975464970501745,0.0024535029498253865,1.2821911501259728,fgm,banglasarc_binary,banglasarc_binary,123
a3ca2d2a82672d153ab9,0,0,1,3.921875,-3.828125,0.9995694429186754,0.00043055708132461493,0.9976343650365476,0.0023656349634523046,1.2821911501259728,fgm,banglasarc_binary,banglasarc_binary,123
b921fd91f9f2ebba346b,1,1,1,-3.53125,3.6875,0.0007321812616608614,0.9992678187383391,0.003575704868494557,0.9964242951315054,1.2821911501259728,fgm,banglasarc_binary,banglasarc_binary,123
243123437c12a1b2a1ce,1,1,1,-3.59375,3.734375,0.0006563728324346652,0.9993436271675653,0.0032842938555075847,0.9967157061444925,1.2821911501259728,fgm,banglasarc_binary,banglasarc_binary,123
2b63c65a2f3a5ff74063,0,0,1,3.90625,-3.84375,0.9995694429186754,0.00043055708132461493,0.9976343655992248,0.0023656344007752903,1.2821911501259728,fgm,banglasarc_binary,banglasarc_binary,123
e341530194878ae47803,0,0,1,3.75,-3.6875,0.9994115911814431,0.0005884088185569387,0.9969834405032254,0.0030165594967745475,1.2821911501259728,fgm,banglasarc_binary,banglasarc_binary,123
bfe082978583d1220cc8,1,1,1,-3.5625,3.71875,0.0006878511550552459,0.9993121488449448,0.003406167556214705,0.9965938324437853,1.2821911501259728,fgm,banglasarc_binary,banglasarc_binary,123
67e0a84300f38c422df4,0,0,1,3.875,-3.8125,0.999541687099365,0.00045831290063503817,0.997516490332419,0.0024835096675810907,1.2821911501259728,fgm,banglasarc_binary,banglasarc_binary,123
799250507bf1ddec03e2,0,0,1,3.75,-3.640625,0.9993833702652382,0.0006166297347617124,0.9968714699710097,0.0031285300289901853,1.2821911501259728,fgm,banglasarc_binary,banglasarc_binary,123
0600b81ce5b6ae72cfe3,0,0,1,3.765625,-3.6875,0.9994207083300786,0.0005792916699214215,0.9970198684924083,0.00298013150759157,1.2821911501259728,fgm,banglasarc_binary,banglasarc_binary,123
963c59e359450f36f01d,1,1,1,-3.53125,3.6875,0.0007321812616608614,0.9992678187383391,0.003575704868494557,0.9964242951315054,1.2821911501259728,fgm,banglasarc_binary,banglasarc_binary,123
16554be135ef38d0f316,0,0,1,0.10888672,-0.16992188,0.5692541106549384,0.4307458893450617,0.5541485539661435,0.4458514460338566,1.2821911501259728,fgm,banglasarc_binary,banglasarc_binary,123
2869565881a63e41f752,0,0,1,3.90625,-3.859375,0.9995761152580062,0.00042388474199374983,0.997662951439474,0.0023370485605260258,1.2821911501259728,fgm,banglasarc_binary,banglasarc_binary,123
21049f0aac2fd9077996,1,1,1,-3.578125,3.734375,0.0006667023092435894,0.9993332976907565,0.0033244282019689463,0.996675571798031,1.2821911501259728,fgm,banglasarc_binary,banglasarc_binary,123
db544050d25f0e99e1ef,1,1,1,-3.59375,3.75,0.000646203290719727,0.9993537967092804,0.0032446424558499262,0.9967553575441501,1.2821911501259728,fgm,banglasarc_binary,banglasarc_binary,123
53bbc0ea13b7e0b3a5aa,0,0,1,3.875,-3.84375,0.9995557816410785,0.0004442183589214343,0.9975761426726963,0.002423857327303577,1.2821911501259728,fgm,banglasarc_binary,banglasarc_binary,123
a7d7166590cc99009efa,1,1,1,-3.421875,3.59375,0.0008969393236719385,0.9991030606763281,0.004186935302699758,0.9958130646973002,1.2821911501259728,fgm,banglasarc_binary,banglasarc_binary,123
642fe16bdf82a6948462,0,0,1,3.9375,-3.875,0.9995955185021579,0.00040448149784208087,0.997746658769239,0.0022533412307611687,1.2821911501259728,fgm,banglasarc_binary,banglasarc_binary,123
1c1e13e909f1742f3730,0,0,1,3.796875,-3.75,0.9994725215874769,0.0005274784125231481,0.9972294092714016,0.0027705907285984596,1.2821911501259728,fgm,banglasarc_binary,banglasarc_binary,123
b6f89486bdc061638dd9,1,1,1,-3.34375,3.484375,0.0010817152527255937,0.9989182847472744,0.004843046589685373,0.9951569534103146,1.2821911501259728,fgm,banglasarc_binary,banglasarc_binary,123
a5e27c0cd7f6a42bd23a,1,1,1,-3.53125,3.734375,0.0006986756664856787,0.9993013243335144,0.0034477860577925338,0.9965522139422074,1.2821911501259728,fgm,banglasarc_binary,banglasarc_binary,123
4171ee47b5474fa8f535,0,0,1,3.921875,-3.84375,0.9995761152580062,0.00042388474199374983,0.997662951439474,0.0023370485605260258,1.2821911501259728,fgm,banglasarc_binary,banglasarc_binary,123
328d36ff5ae17866a3e3,1,1,1,-3.578125,3.734375,0.0006667023092435894,0.9993332976907565,0.0033244282019689463,0.996675571798031,1.2821911501259728,fgm,banglasarc_binary,banglasarc_binary,123
e4787d1bef8680dfae0d,0,0,1,3.84375,-3.734375,0.9994887420950092,0.0005112579049909173,0.9972959384259159,0.0027040615740841064,1.2821911501259728,fgm,banglasarc_binary,banglasarc_binary,123
0df31149dd2f96eb9c1d,1,1,1,-3.5625,3.75,0.0006667023092435894,0.9993332976907565,0.0033244274119985516,0.9966755725880015,1.2821911501259728,fgm,banglasarc_binary,banglasarc_binary,123
385e02fbdf8cc751dec6,0,0,1,3.890625,-3.890625,0.9995826842393223,0.0004173157606777201,0.9976911926537125,0.002308807346287556,1.2821911501259728,fgm,banglasarc_binary,banglasarc_binary,123
64d6f813c96546f6d765,0,0,1,3.828125,-3.734375,0.999480695135505,0.000519304864494927,0.997262875095115,0.00273712490488502,1.2821911501259728,fgm,banglasarc_binary,banglasarc_binary,123
1075e756e57e6611041e,1,1,1,-3.59375,3.75,0.000646203290719727,0.9993537967092804,0.0032446424558499262,0.9967553575441501,1.2821911501259728,fgm,banglasarc_binary,banglasarc_binary,123
4a1651e2b3f8eb4a94f8,1,1,1,-3.5625,3.71875,0.0006878511550552459,0.9993121488449448,0.003406167556214705,0.9965938324437853,1.2821911501259728,fgm,banglasarc_binary,banglasarc_binary,123
7a0ee8a2f3c82a39ca8f,0,0,1,3.9375,-3.84375,0.9995826842393223,0.0004173157606777201,0.997691193202904,0.002308806797095966,1.2821911501259728,fgm,banglasarc_binary,banglasarc_binary,123
f20bd2d1382cd7affefe,0,0,1,3.828125,-3.703125,0.9994642194616526,0.0005357805383473944,0.9971955347572219,0.0028044652427780935,1.2821911501259728,fgm,banglasarc_binary,banglasarc_binary,123
5d4f1b34a19d3ca8fd66,0,0,1,0.99609375,-1.09375,0.8899121189857752,0.11008788101422484,0.8361559772210386,0.16384402277896137,1.2821911501259728,fgm,banglasarc_binary,banglasarc_binary,123
056f4294299488a7448a,1,1,1,-3.5625,3.734375,0.0006771942330385673,0.9993228057669614,0.003365050538109314,0.9966349494618907,1.2821911501259728,fgm,banglasarc_binary,banglasarc_binary,123
ff91f7483df64799a7ee,0,0,1,3.640625,-3.578125,0.9992678187383391,0.0007321812616608614,0.9964242942820392,0.0035757057179607913,1.2821911501259728,fgm,banglasarc_binary,banglasarc_binary,123
ac7e44a508eb17002e85,1,1,1,-1.203125,1.1953125,0.0832919225567441,0.916708077443256,0.1334749548363576,0.8665250451636425,1.2821911501259728,fgm,banglasarc_binary,banglasarc_binary,123
2455f6e39645631a8397,0,0,1,3.765625,-3.671875,0.9994115911814431,0.0005884088185569387,0.996983439786191,0.00301656021380894,1.2821911501259728,fgm,banglasarc_binary,banglasarc_binary,123
c850e860eec23962daac,0,0,1,3.921875,-3.875,0.9995891514623653,0.0004108485376346404,0.9977190939200581,0.002280906079941927,1.2821911501259728,fgm,banglasarc_binary,banglasarc_binary,123
74aeb0a5a403d9500f1f,0,0,1,3.625,-3.546875,0.9992327075871412,0.0007672924128587178,0.9962916470921465,0.0037083529078535725,1.2821911501259728,fgm,banglasarc_binary,banglasarc_binary,123
72dd23dfc8d939ac3834,0,0,1,3.9375,-3.859375,0.9995891514623653,0.0004108485376346404,0.9977190939200581,0.002280906079941927,1.2821911501259728,fgm,banglasarc_binary,banglasarc_binary,123
c7ba856ea1a29ce22596,0,0,1,3.75,-3.734375,0.99943852125386,0.0005614787461400804,0.9970914145953758,0.0029085854046242868,1.2821911501259728,fgm,banglasarc_binary,banglasarc_binary,123
3785b394caa7739279a7,1,1,1,-3.53125,3.75,0.0006878511550552459,0.9993121488449448,0.003406167556214705,0.9965938324437853,1.2821911501259728,fgm,banglasarc_binary,banglasarc_binary,123
e948446976bb8a3a5347,1,1,1,-3.46875,3.6875,0.0007793660930208433,0.9992206339069791,0.0037536488842841486,0.9962463511157159,1.2821911501259728,fgm,banglasarc_binary,banglasarc_binary,123
82e4fb2488c691861c67,0,0,1,3.890625,-3.828125,0.9995557816410785,0.0004442183589214343,0.9975761420962044,0.0024238579037955356,1.2821911501259728,fgm,banglasarc_binary,banglasarc_binary,123
a1217fc49259da65a5cf,1,1,1,-3.546875,3.75,0.0006771942330385673,0.9993228057669614,0.003365050538109314,0.9966349494618907,1.2821911501259728,fgm,banglasarc_binary,banglasarc_binary,123
62ada938b6c30c7bd0da,0,0,1,2.515625,-2.5,0.9934102283369194,0.006589771663080563,0.980387113597486,0.01961288640251402,1.2821911501259728,fgm,banglasarc_binary,banglasarc_binary,123
5182f7f05b28f76f6817,0,0,1,3.921875,-3.859375,0.9995826842393223,0.0004173157606777201,0.9976911926537125,0.002308807346287556,1.2821911501259728,fgm,banglasarc_binary,banglasarc_binary,123
abcf57d7db6eb87c8ded,0,0,1,3.9375,-3.859375,0.9995891514623653,0.0004108485376346404,0.9977190939200581,0.002280906079941927,1.2821911501259728,fgm,banglasarc_binary,banglasarc_binary,123
5951263999edbe27f038,0,0,1,3.890625,-3.828125,0.9995557816410785,0.0004442183589214343,0.9975761420962044,0.0024238579037955356,1.2821911501259728,fgm,banglasarc_binary,banglasarc_binary,123
34185c0e94236de0c159,1,1,1,-3.5625,3.765625,0.0006563728324346652,0.9993436271675653,0.0032842938555075847,0.9967157061444925,1.2821911501259728,fgm,banglasarc_binary,banglasarc_binary,123
7eaf043f4f9b8e73f547,0,0,1,3.90625,-3.8125,0.9995557816410785,0.0004442183589214343,0.9975761426726963,0.002423857327303577,1.2821911501259728,fgm,banglasarc_binary,banglasarc_binary,123
73745225902f4fda7e67,1,1,1,-3.578125,3.6875,0.0006986756664856787,0.9993013243335144,0.0034477860577925338,0.9965522139422074,1.2821911501259728,fgm,banglasarc_binary,banglasarc_binary,123
24df60c3c394e21ed9bd,1,1,1,-3.578125,3.71875,0.0006771942330385673,0.9993228057669614,0.003365050538109314,0.9966349494618907,1.2821911501259728,fgm,banglasarc_binary,banglasarc_binary,123
9e565f14b55d3d037b23,1,1,1,-3.578125,3.75,0.0006563728324346652,0.9993436271675653,0.0032842938555075847,0.9967157061444925,1.2821911501259728,fgm,banglasarc_binary,banglasarc_binary,123
296c684859c0c1f4f8b2,0,0,1,3.921875,-3.859375,0.9995826842393223,0.0004173157606777201,0.9976911926537125,0.002308807346287556,1.2821911501259728,fgm,banglasarc_binary,banglasarc_binary,123
868443f65de1f63ba34f,0,0,1,3.6875,-3.6875,0.9993736658418905,0.0006263341581094201,0.9968332337765665,0.0031667662234335344,1.2821911501259728,fgm,banglasarc_binary,banglasarc_binary,123
641a4a346c076c4889b5,0,0,1,3.90625,-3.84375,0.9995694429186754,0.00043055708132461493,0.9976343655992248,0.0023656344007752903,1.2821911501259728,fgm,banglasarc_binary,banglasarc_binary,123
80b62fe9af231d6398cd,0,0,1,3.734375,-3.6875,0.999402330628897,0.0005976693711028652,0.9969465678701471,0.0030534321298528117,1.2821911501259728,fgm,banglasarc_binary,banglasarc_binary,123
9c5d3a74958dfaf4c778,0,0,1,3.875,-3.84375,0.9995557816410785,0.0004442183589214343,0.9975761426726963,0.002423857327303577,1.2821911501259728,fgm,banglasarc_binary,banglasarc_binary,123
7be7f122790c173d19e1,0,0,1,3.90625,-3.84375,0.9995694429186754,0.00043055708132461493,0.9976343655992248,0.0023656344007752903,1.2821911501259728,fgm,banglasarc_binary,banglasarc_binary,123
fb9a1397f16c21430906,0,0,1,3.890625,-3.84375,0.9995626655964818,0.0004373344035182828,0.9976054303781284,0.0023945696218714823,1.2821911501259728,fgm,banglasarc_binary,banglasarc_binary,123
e801c5c46e5b573487cc,0,0,1,3.859375,-3.796875,0.9995271455654797,0.0004728544345203107,0.9974553730578665,0.0025446269421334294,1.2821911501259728,fgm,banglasarc_binary,banglasarc_binary,123
5f3149ecc6bff2ca85a6,0,0,1,3.8125,-3.796875,0.9995044640524365,0.0004955359475635505,0.997360874268653,0.0026391257313469097,1.2821911501259728,fgm,banglasarc_binary,banglasarc_binary,123
b3a61543f743590fd858,1,1,1,-3.484375,3.625,0.0008167381046669485,0.999183261895333,0.0038928723287364343,0.9961071276712634,1.2821911501259728,fgm,banglasarc_binary,banglasarc_binary,123
885cca4969daa7a10e6e,1,1,1,-3.015625,3.15625,0.0020829707830458,0.9979170292169542,0.008053700002828523,0.9919462999971714,1.2821911501259728,fgm,banglasarc_binary,banglasarc_binary,123
f883f6e3e67a2e8c5880,1,0,0,2.515625,-2.546875,0.9937100978631075,0.0062899021368924835,0.9810778606932434,0.018922139306756475,1.2821911501259728,fgm,banglasarc_binary,banglasarc_binary,123
cb0ed2cc63ee997bf8c8,0,0,1,3.90625,-3.84375,0.9995694429186754,0.00043055708132461493,0.9976343655992248,0.0023656344007752903,1.2821911501259728,fgm,banglasarc_binary,banglasarc_binary,123
5bef153f5d9f5a2d7e1b,0,0,1,3.734375,-3.65625,0.9993833702652382,0.0006166297347617124,0.9968714699710097,0.0031285300289901853,1.2821911501259728,fgm,banglasarc_binary,banglasarc_binary,123
3d66b484b034a918520a,1,1,1,-3.578125,3.75,0.0006563728324346652,0.9993436271675653,0.0032842938555075847,0.9967157061444925,1.2821911501259728,fgm,banglasarc_binary,banglasarc_binary,123
9c7a31ad9c0a11fa114f,0,0,1,3.921875,-3.859375,0.9995826842393223,0.0004173157606777201,0.9976911926537125,0.002308807346287556,1.2821911501259728,fgm,banglasarc_binary,banglasarc_binary,123
c044af92d67c624ef05b,1,1,1,-3.5625,3.734375,0.0006771942330385673,0.9993228057669614,0.003365050538109314,0.9966349494618907,1.2821911501259728,fgm,banglasarc_binary,banglasarc_binary,123
7254bfd4b0c64b694313,0,0,1,3.828125,-3.75,0.9994887420950092,0.0005112579049909173,0.9972959384259159,0.0027040615740841064,1.2821911501259728,fgm,banglasarc_binary,banglasarc_binary,123
1e0235b6b4cc25bcb0a7,0,0,1,3.65625,-3.59375,0.9992903296008995,0.0007096703991005882,0.9965100895319017,0.0034899104680983345,1.2821911501259728,fgm,banglasarc_binary,banglasarc_binary,123
2413ae672abc929486a8,1,1,1,-3.40625,3.53125,0.0009697519677825861,0.9990302480322174,0.004448810482114533,0.9955511895178855,1.2821911501259728,fgm,banglasarc_binary,banglasarc_binary,123
d81f70960440451277ed,0,0,1,3.8125,-3.828125,0.9995197027681136,0.0004802972318863163,0.9974242547573214,0.0025757452426786896,1.2821911501259728,fgm,banglasarc_binary,banglasarc_binary,123
301ad9afa1d3837bde97,0,0,1,3.90625,-3.84375,0.9995694429186754,0.00043055708132461493,0.9976343655992248,0.0023656344007752903,1.2821911501259728,fgm,banglasarc_binary,banglasarc_binary,123
bae938b24915a1719a12,0,0,1,3.890625,-3.84375,0.9995626655964818,0.0004373344035182828,0.9976054303781284,0.0023945696218714823,1.2821911501259728,fgm,banglasarc_binary,banglasarc_binary,123
3b458298a17cae654cb3,0,0,1,3.796875,-3.6875,0.99943852125386,0.0005614787461400804,0.9970914145953758,0.0029085854046242868,1.2821911501259728,fgm,banglasarc_binary,banglasarc_binary,123
618ddac5843f03b41059,0,0,1,3.78125,-3.75,0.9994642194616526,0.0005357805383473944,0.9971955354239833,0.0028044645760167226,1.2821911501259728,fgm,banglasarc_binary,banglasarc_binary,123
fa16778eea836623b5d3,1,1,1,-3.53125,3.65625,0.0007554056327295276,0.9992445943672705,0.00366360064603984,0.9963363993539601,1.2821911501259728,fgm,banglasarc_binary,banglasarc_binary,123
8490107648f6b7b78d60,0,1,0,-0.796875,0.859375,0.16026603232776068,0.8397339676722393,0.21555944113833514,0.7844405588616647,1.2821911501259728,fgm,banglasarc_binary,banglasarc_binary,123
d0dcfa9ed101027d1d0e,0,0,1,3.921875,-3.84375,0.9995761152580062,0.00042388474199374983,0.997662951439474,0.0023370485605260258,1.2821911501259728,fgm,banglasarc_binary,banglasarc_binary,123
15fd451694d4c71893aa,0,0,1,3.71875,-3.703125,0.999402330628897,0.0005976693711028652,0.9969465678701471,0.0030534321298528117,1.2821911501259728,fgm,banglasarc_binary,banglasarc_binary,123
3b7c065e8ddd58a6ae24,0,0,1,3.921875,-3.84375,0.9995761152580062,0.00042388474199374983,0.997662951439474,0.0023370485605260258,1.2821911501259728,fgm,banglasarc_binary,banglasarc_binary,123
f5494411ea5eb488e31b,0,0,1,3.203125,-3.25,0.998426887834651,0.0015731121653489969,0.9935222833566699,0.006477716643330127,1.2821911501259728,fgm,banglasarc_binary,banglasarc_binary,123
24ad66c01ac5ebbbcb3c,0,0,1,3.796875,-3.765625,0.999480695135505,0.000519304864494927,0.997262875095115,0.00273712490488502,1.2821911501259728,fgm,banglasarc_binary,banglasarc_binary,123
c07abb55679aea53b6b1,0,0,1,3.796875,-3.796875,0.9994966644245472,0.0005033355754528115,0.9973286028000796,0.002671397199920444,1.2821911501259728,fgm,banglasarc_binary,banglasarc_binary,123
052c20579c56b334c605,1,1,1,-3.59375,3.75,0.000646203290719727,0.9993537967092804,0.0032446424558499262,0.9967553575441501,1.2821911501259728,fgm,banglasarc_binary,banglasarc_binary,123
5aa05faa1343006982fa,1,1,1,-3.609375,3.75,0.0006361912109467575,0.9993638087890532,0.0032054689912268796,0.9967945310087731,1.2821911501259728,fgm,banglasarc_binary,banglasarc_binary,123
78063a6719064b100030,0,0,1,3.03125,-2.96875,0.9975273768433653,0.0024726231566347748,0.9908016442564164,0.009198355743583585,1.2821911501259728,fgm,banglasarc_binary,banglasarc_binary,123
30bd874c49a5fa9de523,0,0,1,3.84375,-3.734375,0.9994887420950092,0.0005112579049909173,0.9972959384259159,0.0027040615740841064,1.2821911501259728,fgm,banglasarc_binary,banglasarc_binary,123
9a2e4622302ea07ee0ef,1,1,1,-3.59375,3.75,0.000646203290719727,0.9993537967092804,0.0032446424558499262,0.9967553575441501,1.2821911501259728,fgm,banglasarc_binary,banglasarc_binary,123
e31b777f30e53902e6e2,1,1,1,-3.515625,3.6875,0.0007437028637763687,0.9992562971362237,0.003619387350632231,0.9963806126493678,1.2821911501259728,fgm,banglasarc_binary,banglasarc_binary,123
c359a2b5c8756806c8b6,1,1,1,-3.453125,3.578125,0.0008830458477845482,0.9991169541522155,0.004136432487815792,0.9958635675121843,1.2821911501259728,fgm,banglasarc_binary,banglasarc_binary,123
a327ec5ff73849252b81,0,0,1,3.671875,-3.640625,0.9993332976907565,0.0006667023092435894,0.996675571798031,0.0033244282019689463,1.2821911501259728,fgm,banglasarc_binary,banglasarc_binary,123
93b54f22880cccfeda6f,1,1,1,-3.5625,3.71875,0.0006878511550552459,0.9993121488449448,0.003406167556214705,0.9965938324437853,1.2821911501259728,fgm,banglasarc_binary,banglasarc_binary,123
8f2649846531154fee16,0,0,1,3.765625,-3.671875,0.9994115911814431,0.0005884088185569387,0.996983439786191,0.00301656021380894,1.2821911501259728,fgm,banglasarc_binary,banglasarc_binary,123
86dbaa1afb568a2b46f2,0,0,1,3.71875,-3.671875,0.9993833702652382,0.0006166297347617124,0.9968714699710097,0.0031285300289901853,1.2821911501259728,fgm,banglasarc_binary,banglasarc_binary,123
94f436191ec53c03d81a,0,0,1,3.875,-3.8125,0.999541687099365,0.00045831290063503817,0.997516490332419,0.0024835096675810907,1.2821911501259728,fgm,banglasarc_binary,banglasarc_binary,123
da617e09928975ddad5d,1,1,1,-3.546875,3.703125,0.0007096703991005882,0.9992903296008995,0.003489911297254114,0.9965100887027458,1.2821911501259728,fgm,banglasarc_binary,banglasarc_binary,123
d96f848b94bed5cc646b,0,0,1,3.875,-3.78125,0.9995271455654797,0.0004728544345203107,0.9974553736630091,0.002544626336990952,1.2821911501259728,fgm,banglasarc_binary,banglasarc_binary,123
165cbb1ed9d2aa9b8411,1,1,1,-3.609375,3.75,0.0006361912109467575,0.9993638087890532,0.0032054689912268796,0.9967945310087731,1.2821911501259728,fgm,banglasarc_binary,banglasarc_binary,123
f2a8009eedf638286520,0,0,1,3.734375,-3.6875,0.999402330628897,0.0005976693711028652,0.9969465678701471,0.0030534321298528117,1.2821911501259728,fgm,banglasarc_binary,banglasarc_binary,123
6381c8771b63ffa6dee0,0,0,1,3.796875,-3.765625,0.999480695135505,0.000519304864494927,0.997262875095115,0.00273712490488502,1.2821911501259728,fgm,banglasarc_binary,banglasarc_binary,123
5723cf3fd958390c3f12,0,0,1,3.90625,-3.828125,0.9995626655964818,0.0004373344035182828,0.9976054303781284,0.0023945696218714823,1.2821911501259728,fgm,banglasarc_binary,banglasarc_binary,123
2044d35d10ff7ee36015,1,1,1,-3.171875,3.28125,0.0015731121653489969,0.998426887834651,0.006477716643330127,0.9935222833566699,1.2821911501259728,fgm,banglasarc_binary,banglasarc_binary,123
5033add886e7f91bf8b6,1,1,1,-3.421875,3.515625,0.0009697519677825861,0.9990302480322174,0.004448811538074972,0.995551188461925,1.2821911501259728,fgm,banglasarc_binary,banglasarc_binary,123
b6d1c214bf4b9c82ec90,0,0,1,3.921875,-3.828125,0.9995694429186754,0.00043055708132461493,0.9976343650365476,0.0023656349634523046,1.2821911501259728,fgm,banglasarc_binary,banglasarc_binary,123
49ac778aa852e354f9da,0,0,1,3.921875,-3.84375,0.9995761152580062,0.00042388474199374983,0.997662951439474,0.0023370485605260258,1.2821911501259728,fgm,banglasarc_binary,banglasarc_binary,123
ff1dea237ef45c80a988,0,0,1,3.765625,-3.734375,0.9994472213630764,0.0005527786369235996,0.9971265424468495,0.0028734575531505157,1.2821911501259728,fgm,banglasarc_binary,banglasarc_binary,123
c1be59d9ef25da02eb1c,0,0,1,3.84375,-3.796875,0.9995197027681136,0.0004802972318863163,0.9974242547573214,0.0025757452426786896,1.2821911501259728,fgm,banglasarc_binary,banglasarc_binary,123
485a3e78892f0484acc4,0,0,1,3.8125,-3.703125,0.9994557867375674,0.0005442132624325574,0.9971612479315504,0.0028387520684497692,1.2821911501259728,fgm,banglasarc_binary,banglasarc_binary,123
dfeb652f5a61a78d4d84,0,0,1,3.84375,-3.78125,0.9995121428772178,0.000487857122782266,0.9973927569050817,0.0026072430949184225,1.2821911501259728,fgm,banglasarc_binary,banglasarc_binary,123
5b9a124a0fa8e8049d5b,1,1,1,-3.5625,3.71875,0.0006878511550552459,0.9993121488449448,0.003406167556214705,0.9965938324437853,1.2821911501259728,fgm,banglasarc_binary,banglasarc_binary,123
10135acd4da9303002a3,1,1,1,-3.484375,3.625,0.0008167381046669485,0.999183261895333,0.0038928723287364343,0.9961071276712634,1.2821911501259728,fgm,banglasarc_binary,banglasarc_binary,123
243642d11918a32fcebe,0,0,1,3.90625,-3.828125,0.9995626655964818,0.0004373344035182828,0.9976054303781284,0.0023945696218714823,1.2821911501259728,fgm,banglasarc_binary,banglasarc_binary,123
9139611c78ff6ac718d0,0,0,1,3.734375,-3.625,0.9993638087890532,0.0006361912109467575,0.9967945310087731,0.0032054689912268796,1.2821911501259728,fgm,banglasarc_binary,banglasarc_binary,123
49309e5e8d5994165b52,0,0,1,3.65625,-3.59375,0.9992903296008995,0.0007096703991005882,0.9965100895319017,0.0034899104680983345,1.2821911501259728,fgm,banglasarc_binary,banglasarc_binary,123
b731bc2e2218b5072b6d,0,0,1,3.890625,-3.8125,0.9995487893762218,0.00045121062377819225,0.9975464970501745,0.0024535029498253865,1.2821911501259728,fgm,banglasarc_binary,banglasarc_binary,123
3a6ba2c27619ba4aeea9,0,0,1,3.890625,-3.84375,0.9995626655964818,0.0004373344035182828,0.9976054303781284,0.0023945696218714823,1.2821911501259728,fgm,banglasarc_binary,banglasarc_binary,123
2cf072a3e6b4a2a089c3,0,0,1,3.921875,-3.875,0.9995891514623653,0.0004108485376346404,0.9977190939200581,0.002280906079941927,1.2821911501259728,fgm,banglasarc_binary,banglasarc_binary,123
aa9cf3ae7f9411f7617e,0,0,1,3.734375,-3.75,0.99943852125386,0.0005614787461400804,0.9970914145953758,0.0029085854046242868,1.2821911501259728,fgm,banglasarc_binary,banglasarc_binary,123
1179f5741a4d47c33f82,1,1,1,-3.578125,3.734375,0.0006667023092435894,0.9993332976907565,0.0033244282019689463,0.996675571798031,1.2821911501259728,fgm,banglasarc_binary,banglasarc_binary,123
a110615b33a0c7507925,0,0,1,3.90625,-3.859375,0.9995761152580062,0.00042388474199374983,0.997662951439474,0.0023370485605260258,1.2821911501259728,fgm,banglasarc_binary,banglasarc_binary,123
b68b017a2492458f084c,0,0,1,3.75,-3.703125,0.9994207083300786,0.0005792916699214215,0.9970198684924083,0.00298013150759157,1.2821911501259728,fgm,banglasarc_binary,banglasarc_binary,123
a052a6145e3ae6e39426,0,0,1,3.765625,-3.6875,0.9994207083300786,0.0005792916699214215,0.9970198684924083,0.00298013150759157,1.2821911501259728,fgm,banglasarc_binary,banglasarc_binary,123
887c57b6884e22d67009,0,0,1,3.71875,-3.71875,0.9994115911814431,0.0005884088185569387,0.9969834405032254,0.0030165594967745475,1.2821911501259728,fgm,banglasarc_binary,banglasarc_binary,123
42789795d68c2866b9ad,1,1,1,-3.59375,3.734375,0.0006563728324346652,0.9993436271675653,0.0032842938555075847,0.9967157061444925,1.2821911501259728,fgm,banglasarc_binary,banglasarc_binary,123
4cda9398f8373ee300cc,0,0,1,3.90625,-3.828125,0.9995626655964818,0.0004373344035182828,0.9976054303781284,0.0023945696218714823,1.2821911501259728,fgm,banglasarc_binary,banglasarc_binary,123
618dc6f4d22bc8364b9f,0,0,1,3.828125,-3.8125,0.9995197027681136,0.0004802972318863163,0.9974242547573214,0.0025757452426786896,1.2821911501259728,fgm,banglasarc_binary,banglasarc_binary,123
b898fe7dcff9ca62ea37,1,1,1,-3.59375,3.765625,0.0006361912109467575,0.9993638087890532,0.0032054689912268796,0.9967945310087731,1.2821911501259728,fgm,banglasarc_binary,banglasarc_binary,123
b6100aaf5b01454d293b,1,1,1,-3.578125,3.75,0.0006563728324346652,0.9993436271675653,0.0032842938555075847,0.9967157061444925,1.2821911501259728,fgm,banglasarc_binary,banglasarc_binary,123
aec0cc95a4ce4aa85d4d,1,1,1,-3.3125,3.375,0.0012448433020883743,0.9987551566979116,0.005401399910827425,0.9945986000891726,1.2821911501259728,fgm,banglasarc_binary,banglasarc_binary,123
8d4b9e854966b3b66d6d,1,1,1,-3.34375,3.515625,0.0010484692671610088,0.9989515307328389,0.004726988223629579,0.9952730117763704,1.2821911501259728,fgm,banglasarc_binary,banglasarc_binary,123
8f413a89d64e832f9729,0,0,1,3.8125,-3.734375,0.9994725215874769,0.0005274784125231481,0.9972294092714016,0.0027705907285984596,1.2821911501259728,fgm,banglasarc_binary,banglasarc_binary,123
726d381309baf4829829,1,1,1,-3.5625,3.734375,0.0006771942330385673,0.9993228057669614,0.003365050538109314,0.9966349494618907,1.2821911501259728,fgm,banglasarc_binary,banglasarc_binary,123
ab7c04f9e6139d2fd15b,0,0,1,3.9375,-3.875,0.9995955185021579,0.00040448149784208087,0.997746658769239,0.0022533412307611687,1.2821911501259728,fgm,banglasarc_binary,banglasarc_binary,123
cc100d42e52019604afb,1,1,1,-3.625,3.75,0.0006263341581094201,0.9993736658418905,0.0031667662234335344,0.9968332337765665,1.2821911501259728,fgm,banglasarc_binary,banglasarc_binary,123
84320b27a6710b91a163,1,1,1,-3.578125,3.75,0.0006563728324346652,0.9993436271675653,0.0032842938555075847,0.9967157061444925,1.2821911501259728,fgm,banglasarc_binary,banglasarc_binary,123
c7323bbd99dfb1199355,1,1,1,-3.578125,3.71875,0.0006771942330385673,0.9993228057669614,0.003365050538109314,0.9966349494618907,1.2821911501259728,fgm,banglasarc_binary,banglasarc_binary,123
8f063e38133346cf9b73,0,0,1,3.921875,-3.859375,0.9995826842393223,0.0004173157606777201,0.9976911926537125,0.002308807346287556,1.2821911501259728,fgm,banglasarc_binary,banglasarc_binary,123
5ef5d5b5b4bbdb8c655f,0,0,1,3.84375,-3.734375,0.9994887420950092,0.0005112579049909173,0.9972959384259159,0.0027040615740841064,1.2821911501259728,fgm,banglasarc_binary,banglasarc_binary,123
3d7776b7d6c81aaafe14,0,0,1,3.75,-3.65625,0.9993929244195585,0.0006070755804415096,0.9969092466597465,0.0030907533402536806,1.2821911501259728,fgm,banglasarc_binary,banglasarc_binary,123
d767d9d81fad83c51546,0,0,1,3.859375,-3.78125,0.9995197027681136,0.0004802972318863163,0.9974242547573214,0.0025757452426786896,1.2821911501259728,fgm,banglasarc_binary,banglasarc_binary,123
d859c9d4c7930a12c2ff,1,1,1,-3.53125,3.71875,0.0007096703991005882,0.9992903296008995,0.0034899104680983345,0.9965100895319017,1.2821911501259728,fgm,banglasarc_binary,banglasarc_binary,123
628877a6f41009c8d309,0,0,1,3.921875,-3.84375,0.9995761152580062,0.00042388474199374983,0.997662951439474,0.0023370485605260258,1.2821911501259728,fgm,banglasarc_binary,banglasarc_binary,123
aec04f503edc18476ea1,1,1,1,-3.609375,3.78125,0.0006166297347617124,0.9993833702652382,0.0031285300289901853,0.9968714699710097,1.2821911501259728,fgm,banglasarc_binary,banglasarc_binary,123
db695de6520961358e09,0,0,1,3.875,-3.84375,0.9995557816410785,0.0004442183589214343,0.9975761426726963,0.002423857327303577,1.2821911501259728,fgm,banglasarc_binary,banglasarc_binary,123
